-- MySQL dump 10.16  Distrib 10.1.29-MariaDB, for Win32 (AMD64)
--
-- Host: localhost    Database: bancosgp
-- ------------------------------------------------------
-- Server version	10.1.29-MariaDB

/*!40101 SET @OLD_CHARACTER_SET_CLIENT=@@CHARACTER_SET_CLIENT */;
/*!40101 SET @OLD_CHARACTER_SET_RESULTS=@@CHARACTER_SET_RESULTS */;
/*!40101 SET @OLD_COLLATION_CONNECTION=@@COLLATION_CONNECTION */;
/*!40101 SET NAMES utf8 */;
/*!40103 SET @OLD_TIME_ZONE=@@TIME_ZONE */;
/*!40103 SET TIME_ZONE='+00:00' */;
/*!40014 SET @OLD_UNIQUE_CHECKS=@@UNIQUE_CHECKS, UNIQUE_CHECKS=0 */;
/*!40014 SET @OLD_FOREIGN_KEY_CHECKS=@@FOREIGN_KEY_CHECKS, FOREIGN_KEY_CHECKS=0 */;
/*!40101 SET @OLD_SQL_MODE=@@SQL_MODE, SQL_MODE='NO_AUTO_VALUE_ON_ZERO' */;
/*!40111 SET @OLD_SQL_NOTES=@@SQL_NOTES, SQL_NOTES=0 */;

--
-- Current Database: `bancosgp`
--

/*!40000 DROP DATABASE IF EXISTS `bancosgp`*/;

CREATE DATABASE /*!32312 IF NOT EXISTS*/ `bancosgp` /*!40100 DEFAULT CHARACTER SET utf8 */;

USE `bancosgp`;

--
-- Table structure for table `alternativa`
--

DROP TABLE IF EXISTS `alternativa`;
/*!40101 SET @saved_cs_client     = @@character_set_client */;
/*!40101 SET character_set_client = utf8 */;
CREATE TABLE `alternativa` (
  `ID` bigint(20) NOT NULL AUTO_INCREMENT,
  `CORRETO` tinyint(1) DEFAULT '0',
  `DESCRICAO` varchar(255) DEFAULT NULL,
  PRIMARY KEY (`ID`)
) ENGINE=InnoDB AUTO_INCREMENT=545 DEFAULT CHARSET=latin1;
/*!40101 SET character_set_client = @saved_cs_client */;

--
-- Dumping data for table `alternativa`
--

LOCK TABLES `alternativa` WRITE;
/*!40000 ALTER TABLE `alternativa` DISABLE KEYS */;
INSERT INTO `alternativa` VALUES (1,0,'asdfasdf'),(2,0,'asdfasd'),(3,0,'asaa'),(4,1,'CORRETA'),(5,1,'CORRETA'),(6,0,'DFGHJK\''),(7,0,'VHJKLL'),(8,0,'GHJKL'),(9,1,'CORRETA'),(10,0,'DFGHJK'),(11,0,'DFGHJK'),(12,0,'FGHJK'),(13,1,'CORRETA'),(14,0,'FGDJHFDJQ'),(15,0,'FHJSFHJS'),(16,0,'FSHJFSHJ'),(17,1,'CORRRETA'),(18,0,'HJDSHJDH'),(19,0,'DSHJDHSJ'),(20,0,'DSHJDH'),(21,0,'Estabilidade.'),(22,0,'Previsibilidade.'),(23,1,'Adaptabilidade.'),(24,0,'Pouca intera√ß√£o com o ambiente.'),(25,0,'Requisitos'),(26,1,'Projeto'),(27,0,'Teste'),(28,0,'An√°lise'),(29,0,'12'),(30,0,'5'),(31,0,'4'),(32,1,'7'),(33,0,'Conjunto de perif√©ricos integrados.'),(34,1,'Conjunto de computadores interligados entre si, compartilhando recursos.'),(35,0,'Uni√£o de equipamentos com a √∫nica finalidade de compartilhar internet.'),(36,0,'V√°rios computadores que fazem parte dos setores de uma organiza√ß√£o.'),(37,0,'MAN, NAN, LAN'),(38,0,'LAN, NAN, WAN'),(39,1,'LAN, MAN, WAN'),(40,0,'LAN, MAN, TAN'),(41,0,'Switch'),(42,1,'Roteador'),(43,0,'Access Point'),(44,0,'Patch Panel'),(45,0,'Apresenta√ß√£o'),(46,0,'Sess√£o'),(47,1,'Enlace'),(48,0,'F√≠sica'),(49,0,'IP E TCP'),(50,1,'TCP E UDP'),(51,0,'HTTP E SMTP'),(52,0,'UDP E POP'),(53,1,'Encaminhamento e roteamento'),(54,0,'Enquadramento e Empacotamento'),(55,0,'Segmenta√ß√£o e empacotamento'),(56,0,'Roteamento e enquadramento'),(57,0,'3 camadas'),(58,1,'4 camadas'),(59,0,'7 camadas'),(60,0,'2 camadas'),(61,0,'Enlace'),(62,0,'Transporte'),(63,1,'Rede'),(64,0,'F√≠sica'),(65,0,'HTTP'),(66,0,'FTP'),(67,1,'DHCP'),(68,0,'DNS'),(69,0,'Redes internas baseadas em padr√µes de redes'),(70,1,'Redes internas baseadas em padr√µes Internet '),(71,0,'Redes externas baseadas em padr√µes Internet'),(72,0,'Extens√µes para uso externo autorizado'),(73,0,'Researcher Anti Tools'),(74,1,'Remote Administration Tool'),(75,0,'Remote Anti Tools'),(76,0,'Sigla inexistente. A correta √© ROT.'),(77,0,'Port Scanners'),(78,0,'Keylogger'),(79,0,'Bot'),(80,1,'Sniffer'),(81,0,'http'),(82,0,'hvp'),(83,1,'https'),(84,0,'httpsecurity'),(85,0,'Firefox'),(86,1,'Edge'),(87,0,'Safari'),(88,0,'Explorer'),(89,0,'Freeware'),(90,1,'OpenSource'),(91,0,'Alpha'),(92,0,'Beta'),(93,0,'Kermel'),(94,1,'Kernel'),(95,0,'Chanel'),(96,0,'Shell'),(97,0,'Kernel √© a interface gr√°fica do Linux, similar ao Windows XP.'),(98,1,'Funciona em dezenas de plataformas, diversas arquiteturas e dispositivos'),(99,0,'O KDE √© o navegador nativo do Linux.'),(100,0,'A GPL √© uma licen√ßa que n√£o permite comercializar o Linux.'),(101,1,'Revogar ou adicionar restri√ß√µes √†s regras de uso'),(102,0,'Executar o programa para qualquer prop√≥sito.'),(103,0,'Estudar como o programa funciona e adapt√°-lo'),(104,0,'Redistribuir c√≥pias do programa'),(105,0,'dpkg -L'),(106,0,'dpkg -P'),(107,1,'dpkg -p'),(108,0,'dpkg -l'),(109,0,'dpkg -l mozilla'),(110,0,'dpkg -c | grep mozilla'),(111,1,'dpkg -l | grep mozilla'),(112,0,'dpkg -L | more mozilla'),(113,0,'get-apt check'),(114,0,'apt-cahe check'),(115,0,'get-apt -c'),(116,1,'apt-get check'),(117,1,'apt-get dist-upgrade'),(118,0,'apt-get dist-update'),(119,0,'apt-cahe dist-upgrade'),(120,0,'apt-get -p dist-upgrade'),(121,0,'apt-get --dep install'),(122,0,'apt-get -d install'),(123,1,'apt-get -f install'),(124,0,'apt-get -vd install'),(125,0,'Sess√£o, apresenta√ß√£o, f√≠sica, enlace, rede, transporte e aplica√ß√£o.'),(126,0,'Apresenta√ß√£o, aplica√ß√£o, sess√£o, rede, transporte, enlace e f√≠sica.'),(127,0,'Aplica√ß√£o, apresenta√ß√£o, sess√£o, transporte, rede, enlace e f√≠sica.'),(128,1,'F√≠sica, Enlace, Rede, Transporte, Sess√£o, Apresenta√ß√£o e Aplica√ß√£o.'),(129,0,'A transmiss√£o se d√° em um √∫nico sentido.'),(130,0,'Transmiss√£o se d√° nos dois sentidos de forma simult√¢nea.'),(131,1,'Transmiss√£o se d√° nos dois sentidos de forma alternada.'),(132,0,'Transmiss√£o pode ser configurada de acordo com o usu√°rio.'),(133,1,'Revogar ou adicionar restri√ß√µes retroativas √†s regras de uso do programa.'),(134,0,'Executar o programa para qualquer prop√≥sito.'),(135,0,'Estudar como o programa funciona e adapt√°-lo √†s suas necessidades.'),(136,0,'Redistribuir c√≥pias do programa.'),(137,1,'C '),(138,0,'C#'),(139,0,'Java'),(140,0,'Python'),(141,0,'API, DLLs e interface'),(142,0,'Sistema de arquivo, Interface e diret√≥rios'),(143,1,'Sistema de arquivo, aplica√ß√µes e interface'),(144,0,'Sistema de arquivo, aplica√ß√µes e DLLs'),(145,0,'DEV'),(146,0,'BIN'),(147,1,'PROC'),(148,0,'TMP'),(149,1,'Um link entre aplica√ß√µes'),(150,0,'Arquivo tempor√°rio para subescrever outros arquivos'),(151,0,'Arquivo de imagem'),(152,0,'Arquivo de transi√ß√£o do kernel'),(153,0,'7'),(154,1,'8'),(155,0,'10'),(156,0,'12'),(157,0,'_$variavel = 123'),(158,0,'DECLARE $variavel = ‚Äútexto‚Äù'),(159,0,'$variavel = ‚Äú12‚Äù DECLARE'),(160,1,'$variavel =  true'),(161,1,'Transforma classes em tabelas no banco de dados.'),(162,0,'Faz a conex√£o do Projeto Web com o banco de dados.'),(163,0,'Permite que o projeto Web acesse o banco de dados.'),(164,0,'Transforma tabelas do banco de dados em classes.'),(165,0,'Facade'),(166,0,'Builder'),(167,1,'Memento'),(168,0,'Composite'),(169,0,'Teste de caixa branca'),(170,1,'Teste de caixa preta'),(171,0,'Teste de caixa cinza'),(172,0,'Teste de caixa roxa'),(173,1,'Cascata'),(174,0,'Espiral'),(175,0,'Incremental'),(176,0,'Prototipagem'),(177,0,'1+1=2'),(178,0,'1x10=1'),(179,1,'1+1=10'),(180,0,'1+10=1'),(181,0,'Cria√ß√£o.'),(182,0,'Programa√ß√£o.'),(183,0,'Exclus√£o.'),(184,1,'Formata√ß√£o.'),(185,0,'Text-Size.'),(186,0,'Text.'),(187,0,'Style-size.'),(188,1,'Font-size.'),(189,0,'20 padr√µes e est√° basicamente dividido em duas se√ß√µes: Structural e Behavioral.'),(190,0,'21 padr√µes e est√° basicamente dividido em duas se√ß√µes: Creational e Behavioral.'),(191,0,'23 padr√µes e est√° basicamente dividido em duas se√ß√µes: Structural e Behavioral.'),(192,1,'23 padr√µes e est√°, basicamente, dividido em tr√™s se√ß√µes: Creational, Structural e Behavioral.'),(193,1,'Template Method.'),(194,0,'Decorator.'),(195,0,'Interpreter.'),(196,0,'Observer.'),(197,0,'Iterator.'),(198,1,'Singleton.'),(199,0,'Visitor.'),(200,0,'Memento.'),(201,0,'DDR'),(202,1,'ROM'),(203,0,'DDR3'),(204,0,'RAM'),(205,1,'EPROM √© uma mem√≥ria ROM program√°vel mediante o uso de ultravioleta em uma pequena janela do chip.'),(206,0,'EEPROM √© uma mem√≥ria RAM program√°vel eletricamente, podendo ser reprogramada por meio da BIOS.'),(207,0,'BIOS √© uma parte da mem√≥ria RAM program√°vel mediante o uso de Raios infravermelhos ou laser.'),(208,0,'FLASH BIOS √© uma mem√≥ria ROM n√£o program√°vel inclusa na BIOS por meio de um grampo el√©trico.'),(209,0,'velocidade elevada, precisa de cont√≠nuos refrescamentos e alto custo por byte armazenado.'),(210,0,'velocidade elevada, n√£o precisa de cont√≠nuos refrescamentos e baixo custo por byte armazenado.'),(211,0,'velocidade baixa, precisa de cont√≠nuos refrescamentos e baixo custo por byte armazenado.'),(212,1,'velocidade elevada, n√£o precisa de cont√≠nuos refrescamentos e alto custo por byte armazenado.'),(213,0,'byte.'),(214,0,'endere√ßo.'),(215,1,'palavra.'),(216,0,'dado.'),(217,0,'Sistema Brasileiro de Informa√ß√£o Organizado.'),(218,1,'Sistema B√°sico de Entrada e Sa√≠da.'),(219,0,'Sistema Bi√¥nico de Tecnologia.'),(220,0,'Nenhuma das op√ß√µes est√£o corretas.'),(221,1,'√† adequa√ß√£o de sua fala √† conversa com um amigo, caracterizada pela informalidade.'),(222,0,'√† iniciativa do cliente em se apresentar como funcion√°rio do banco. '),(223,0,'ao fato de ambos terem nascido em Uberl√¢ndia (Minas Gerais). '),(224,0,'√† intimidade for√ßada pelo cliente ao fornecer seu nome completo'),(225,0,'demonstrar a clareza e a complexidade da nossa l√≠ngua materna.'),(226,1,'situar os dois lados da interlocu√ß√£o em posi√ß√µes sim√©tricas.'),(227,0,'comprovar a import√¢ncia da corre√ß√£o gramatical nos di√°logos cotidianos.'),(228,0,'mostrar como as l√≠nguas ind√≠genas foram incorporadas √† l√≠ngua portuguesa.'),(229,0,'implementar a fala, tendo em vista maior desenvoltura e seguran√ßa no uso da l√≠ngua.'),(230,0,'conhecer g√™neros mais formais da modalidade oral para a obten√ß√£o de clareza na comunica√ß√£o.'),(231,0,'dominar as diferentes variedades do registro oral para escrever com efici√™ncia e corre√ß√£o.'),(232,1,'empregar vocabul√°rio adequado e usar regras da norma padr√£o em se tratando da modalidade escrita.'),(233,0,'regional, pela presenc?a de le?xico de determinada regia?o do Brasil.'),(234,0,'litera?rio, pela conformidade com as normas da grama?tica.'),(235,1,'te?cnico, por meio de expresso?es pro?prias de textos cient√≠ficos.'),(236,0,'coloquial, por meio do registro de informalidade.'),(237,0,'contribui√ß√£o dos √≠ndios na escolariza√ß√£o dos brasileiros.'),(238,0,'diferen√ßa entre as l√≠nguas dos colonizadores e as dos ind√≠genas.'),(239,0,'origem das diferen√ßas entre a l√≠ngua portuguesa e as l√≠nguas tupi.'),(240,1,'intera√ß√£o pac√≠fica no uso da l√≠ngua portuguesa e da l√≠ngua tupi.'),(241,0,'inaugura√ß√£o do museu e o grande investimento em cultura no pa√≠s.'),(242,1,'import√¢ncia da l√≠ngua para a constru√ß√£o da identidade nacional.'),(243,0,'afetividade t√£o comum ao brasileiro, retratada atrav√©s da l√≠ngua.'),(244,0,'rela√ß√£o entre o idioma e as pol√≠ticas p√∫blicas na √°rea de cultura.'),(245,1,'existem variedades regionais para nomear uma mesma esp√©cie de planta.'),(246,0,'mandioca √© nome espec√≠fico para a esp√©cie existente na regi√£o amaz√¥nica.'),(247,0,'‚Äúp√£o-de-pobre‚Äù √© designa√ß√£o espec√≠fica para a planta da regi√£o amaz√¥nica.'),(248,0,'os nomes designam esp√©cies diferentes da planta, conforme a regi√£o.'),(249,1,'predom√≠nio de linguagem informal entrecortada por pausas.'),(250,0,'vocabul√°rio regional desconhecido em outras variedades do portugu√™s.'),(251,0,'realiza√ß√£o do plural conforme as regras da tradi√ß√£o gramatical.'),(252,0,'aus√™ncia de elementos promotores de coes√£o entre os eventos narrados.'),(253,0,'Os aluno de Sistemas √© inteligente. '),(254,1,'Que garotos lindas!'),(255,0,'As menina cresceu muito de um ano pro outro.'),(256,0,'Miga, seje menas!'),(257,0,'‚ÄúM√° reputa√ß√£o‚Äù e ‚Äúreputa√ß√£o m√°‚Äù.'),(258,0,'‚ÄúQuerido amigo‚Äù e ‚Äúamigo querido‚Äù.'),(259,1,'‚ÄúPobre rapaz‚Äù e ‚Äúrapaz pobre‚Äù.'),(260,0,'‚ÄúPasse a manga da camisa‚Äù e ‚ÄúQue manga deliciosa‚Äù.'),(261,0,'√înibus, como escreve isso aqui?'),(262,0,'Vamos falar linguagem macaco? '),(263,1,'Assim come√ßa uma conversa. '),(264,0,'Vamos escrever linguagem macaco? '),(265,0,'Cabrioc√°rica, Xonisvalkiria, tirano, aericoptelizados. '),(266,0,'Cabrioc√°rica, apar√™ncia, tirano, aericoptelizados.'),(267,0,'Feliz, amado, querido, l√≠del.'),(268,1,'Cabrioc√°rica, l√≠del, mediov√°igel, aericoptelizados.'),(269,1,'Tipo 2; Tipo 1; Tipo 1. '),(270,0,'Tipo 2; Tipo 1; Tipo 2.'),(271,0,'Tipo 1; Tipo 2; Tipo 2.'),(272,0,'Tipo 2; Tipo 2; Tipo 2. '),(273,0,'‚ÄúIsso √© um desaforo‚Äù'),(274,0,'‚ÄúDiz que eu tou aqui com alegria‚Äù'),(275,1,'‚ÄúVou  mostrar pr‚Äôesses cabras‚Äù'),(276,0,'‚ÄúVai, chama  Maria, chama  Luzia‚Äù'),(277,0,'I.'),(278,0,'II.'),(279,1,'III.'),(280,0,'I e III.'),(281,0,'descartar as marcas de informalidade do texto.'),(282,0,'reservar o emprego da norma padr√£o aos textos de circula√ß√£o ampla.'),(283,0,'moldar a norma padr√£o do portugu√™s pela linguagem do discurso jornal√≠stico.'),(284,1,'adequar as formas da l√≠ngua a diferentes tipos de texto e contexto.'),(285,0,'desobedi√™ncia √† norma-padr√£o, requerida em ambientes urbanos.'),(286,0,'inadequa√ß√£o lingu√≠stica das express√µes cariocas √†s situa√ß√µes sociais apresentadas.'),(287,0,'reconhecimento da varia√ß√£o lingu√≠stica, segundo o grau de escolaridade dos falantes.'),(288,1,'identifica√ß√£o de usos lingu√≠sticos pr√≥prios da tradi√ß√£o cultural carioca.'),(289,0,'visitem o interior de todos os museus do mundo em 3D e em alt√≠ssima resolu√ß√£o.'),(290,1,'visualizem algumas obras de arte em alta resolu√ß√£o e obtenham informa√ß√µes sobre suas origens.'),(291,0,'reproduzam as novas obras de arte expostas em museus espalhados pelo mundo.'),(292,0,'criem novas obras de arte em 360 graus, consultem seus metadados e os compartilhem na internet.'),(293,1,'M√£e, chega aqui, rapidinho!'),(294,0,'Chega! Cansei de voc√™!'),(295,0,'A√≠ cheguei e disse assim: Vem c√°, quem voc√™ pensa que √©?'),(296,0,'Chega de mentiras, de brigar com o meu desejo, eu te quero mais que tudo...'),(297,1,'nome ou pronome.'),(298,0,'verbo ou adv√©rbio.'),(299,0,'marca de tempo ou de espa√ßo.'),(300,0,'conjun√ß√£o ou preposi√ß√£o. '),(301,0,'t?\'ana hakari, ‚Äòeo o \'Orohe, t?\'aku amice.'),(302,1,'t?\'ona hakari, ‚Äòeo \'a \'Orohe, t?\'oku amice.'),(303,0,'t?\'ana hakari, ‚Äòeo o \'Orohe, t?\'oku amice.'),(304,0,'t?\'ona hakari, ‚Äòeo \'o \'Orohe, t?\'aku amice.'),(305,0,'Voc√™ √© um zero √† esquerda. '),(306,0,'Voc√™ caiu no meu conceito. '),(307,1,'Seu sorriso √© como manh√£ de sol. '),(308,0,'Aconteceu algo? Hoje voc√™ est√° t√£o pra baixo. '),(309,0,'regional'),(310,0,'hist√≥rica'),(311,1,'et√°ria'),(312,0,'de instru√ß√£o'),(313,0,'g√™nero textual, tipo textual, tipo textual, g√™nero textual'),(314,0,'tipo textual, g√™nero textual, tipo textual, g√™nero textual. '),(315,0,'g√™nero textual, tipo textual, g√™nero textual, tipo textual. '),(316,1,'tipo textual, g√™nero textual, g√™nero textual, tipo textual. '),(317,0,'Palestra.'),(318,0,'Livro did√°tico.'),(319,0,'Aula.'),(320,1,'Receita.'),(321,1,'Aula.'),(322,0,'Fofoca.'),(323,0,'Romance.'),(324,0,'Conto.'),(325,0,'Hor√≥scopo, carta, an√∫ncio publicit√°rio, romance.'),(326,1,'Receita, exerc√≠cios de fixa√ß√£o, hor√≥scopo, manual de instru√ß√£o.'),(327,0,'Semin√°rio, comunica√ß√£o, palestra, TCC.'),(328,0,'An√∫ncio publicit√°rio, whatsapp, instagram, Facebook.'),(329,0,'Hist√≥ria em quadrinhos, tela, escultura, grafite.'),(330,0,'Convite de anivers√°rio, m√∫sica, not√≠cia jornal√≠stica, classificados.'),(331,1,'Serm√£o, artigo de opini√£o, briga de namorados, TCC.'),(332,0,'Classificados, an√∫ncio publicit√°rio, receita, monografia. '),(333,0,'R√≥tulo.'),(334,0,'Perfil de Tinder.'),(335,0,'Amigo Oculto. '),(336,1,'Hist√≥ria em Quadrinhos.'),(337,1,'Livro, jornal, r√°dio, Whatsapp. '),(338,0,'Instagram, Whatsapp, Snapchat, camisa.'),(339,0,'Parede, muro, camisa, corpo humano. '),(340,0,'Quadro de avisos, outdoor, faixa, para-choque de caminh√£o.'),(341,0,'Telefone.'),(342,0,'Whatsapp.'),(343,1,'Muro.'),(344,0,'Outdoor.'),(345,0,'A considera√ß√£o da norma gramatical padr√£o.'),(346,1,'A considera√ß√£o de fatores extralingu√≠sticos.'),(347,0,'A considera√ß√£o de fatores intralingu√≠sticos. '),(348,0,'A considera√ß√£o da variedade regional do portugu√™s brasileiro.'),(349,0,'Subt√≠tulo.'),(350,0,'Volume.'),(351,0,'Cidade da editora.'),(352,1,'N√∫mero.'),(353,0,'Ponto.'),(354,1,'Ponto e v√≠rgula. '),(355,0,'V√≠rgula.'),(356,0,'H√≠fen.'),(357,1,'Deve-se colocar apenas o nome do primeiro autor seguido da express√£o ‚Äúet al‚Äù. '),(358,0,'Os nomes devem ser dispostos em ordem alfab√©tica.'),(359,0,'Deve-se colocar primeiro os sobrenomes em caixa alta, e ap√≥s os nomes.'),(360,0,'Deve-se colocar apenas os sobrenomes em caixa alta, e ap√≥s os nomes abreviados.'),(361,0,'Se o autor do livro for o mesmo autor do cap√≠tulo, utiliza-se quatro underline‚Äôs em substitui√ß√£o.'),(362,0,'O t√≠tulo do cap√≠tulo n√£o √© destacado. '),(363,1,'Deve-se listar, no final da refer√™ncia, o n√∫mero de folhas do cap√≠tulo.'),(364,0,'Apenas o t√≠tulo do livro deve ser destacado. '),(365,1,'Apenas o t√≠tulo do artigo deve vir em destaque. '),(366,0,'Apenas o t√≠tulo do peri√≥dico deve vir em destaque. '),(367,0,'A abrevia√ß√£o de volume nas refer√™ncias de peri√≥dicos deve ser ‚Äúv.‚Äù. '),(368,0,'Deve conter o n√∫mero do peri√≥dico. '),(369,0,'Volume e n√∫mero de folhas.'),(370,0,'T√≠tulo do site e t√≠tulo do artigo.'),(371,1,'URL e data de acesso. '),(372,0,'Cidade e edi√ß√£o. '),(373,0,'T√≠tulo do artigo.'),(374,1,'Nome do evento. '),(375,0,'Edi√ß√£o do evento. '),(376,0,'A palavra ‚ÄúAnais‚Äù. '),(377,0,'SARAMAGO, Jos√©. Caim. Lisboa: Sextante Editora, 2001. '),(378,0,'SARAMAGO, Jos√©. Caim. 2.ed. Lisboa. Sextante Editora, 2001.'),(379,0,'SARAMAGO, Jos√©. Caim. 2. ed. Lisboa, Sextante Editora, 2001.'),(380,1,'SARAMAGO, J. Caim. Lisboa: Sextante Editora, 2001. '),(381,0,'QUEIR√ìS, E√ßa de. O primo Bas√≠lio. 32.ed. Rio de Janeiro: Nova Fronteira, 1998.'),(382,1,'FARIA, Almeida. O conquistador. Lisboa. Rocco, 1993.'),(383,0,'ALMEIDA, S. G. Cartografias contempor√¢neas. Rio de Janeiro: 7Letras, 2015.'),(384,0,'GERS√ÉO, Teolinda. A cidade de Ulisses. Lisboa: Sextante, 2011.'),(385,0,'S√£o listadas ao in√≠cio de cada texto, em ordem alfab√©tica. '),(386,0,'T√™m seu padr√£o definido internacionalmente pela Associa√ß√£o Internacional de Normas T√©cnicas.'),(387,1,'Referem-se apenas aos textos efetivamente usados e citados ao longo de um dado texto.'),(388,0,'S√£o separadas conforme o tipo de texto utilizado. '),(389,0,'Mencionar entre colchetes que a informa√ß√£o se encontra na orelha do livro. '),(390,1,'Citar normalmente, indicando, no lugar da p√°gina, a express√£o ‚Äú[s.p.]‚Äù.'),(391,0,'N√£o se deve citar textos da orelha do livro.'),(392,0,'Citar normalmente, indicando a p√°gina como 01. Ex: ‚Äúp. 01‚Äù. '),(393,1,'Sobrenome do autor em caixa alta, ano, p√°gina. '),(394,0,'Sobrenome do autor em caixa alta e ano.'),(395,0,'Sobrenome do autor em caixa alta, nome, t√≠tulo, cidade da editora, editora e ano.'),(396,0,'Sobrenome do autor com apenas a primeira letra em mai√∫scula, ano, p√°gina. '),(397,0,'Ter recuo √† esquerda de 1,5 cm. '),(398,0,'Ser colocada entre aspas.'),(399,0,'Ter espa√ßamento de 1,5 cm entrelinhas. '),(400,1,'Nenhuma das respostas anteriores.'),(401,0,'Ter recuo √† esquerda de 4cm. '),(402,0,'Ser colocada entre aspas.'),(403,1,'Apresentar apenas o nome do autor e o ano da publica√ß√£o. '),(404,0,'Ter espa√ßamento simples. '),(405,1,'Direta.'),(406,0,'Indireta.'),(407,0,'Indireta livre.'),(408,0,'Nenhuma das respostas anteriores. '),(409,1,'Correta.'),(410,0,'Incorreta.'),(411,0,'Parcialmente correta.'),(412,0,'Nenhuma das respostas anteriores. '),(413,0,'√© uma abordagem democr√°tica que assume uma postura √©tica acerca das quest√µes sociais.'),(414,0,'considera que textos aut√™nticos devem ser analisados em seu contexto de uso.'),(415,0,'leva em considera√ß√£o fatores textuais e extratextuais. '),(416,1,'leva em considera√ß√£o fatores exclusivamente textuais. '),(417,0,'√änfase.'),(418,0,'Omiss√£o.'),(419,1,'Corre√ß√£o gramatical.'),(420,0,'Sele√ß√£o lexical.'),(421,0,'Os PTbulls. '),(422,0,'Os bozonaristas.'),(423,1,'O bando dos caras tapadas.'),(424,0,'Homossexualismo. '),(425,0,'Intertextualidade.'),(426,0,'Informatividade.'),(427,0,'Aceitabilidade.'),(428,1,'Pressuposi√ß√£o.'),(429,0,'Adjetivos.'),(430,1,'Conjun√ß√µes.'),(431,0,'Substantivos.'),(432,0,'Adv√©rbios.'),(433,0,'A ma√ß√£ est√° sobre a mesa. Pegue-a por favor. '),(434,1,'Pedro comprou um carro novo, mas n√£o imaginava gastar tanto.'),(435,0,'Voc√™s j√° assistiram ao filme ‚ÄúEla‚Äù? Ele √© √≥timo para pensar na rela√ß√£o entre homem e m√°quina.'),(436,0,'Voc√™ visitou a Europa? L√° faz muito frio? '),(437,0,'M√°quina.'),(438,0,'Energia el√©trica.'),(439,0,'Est√° faltando.'),(440,1,'Nenhuma das respostas anteriores.'),(441,1,'introduz procedimentos prescritivos na composi√ß√£o do poema.'),(442,0,'explicita as etapas essenciais √† prepara√ß√£o de uma receita.'),(443,0,'explora elementos tem√°ticos presentes em uma receita.'),(444,0,'apresenta organiza√ß√£o estrutural t√≠pica de um poema.'),(445,1,'conto, porque discute problemas existenciais e sociais de um fraudador.'),(446,0,'not√≠cia, porque relata fatos que resultaram no indiciamento de um fraudador.'),(447,0,'cr√¥nica, porque narra o imprevisto que levou a pol√≠cia a prender um fraudador.'),(448,0,'editorial, porque opina sobre aspectos lingu√≠sticos dos documentos redigidos por um fraudador.'),(449,0,'conjun√ß√£o (quando).'),(450,0,'adjetivo (irresist√≠vel).'),(451,1,'verbo no imperativo (descubra).'),(452,0,'palavra do campo afetivo (paix√£o).'),(453,0,'isentar o hotel de responsabilidade por danos causados aos h√≥spedes.'),(454,0,'impedir a destrui√ß√£o das c√¢meras como meio de apagar evid√™ncias.'),(455,1,'assegurar que o hotel resguardar√° a privacidade dos h√≥spedes.'),(456,0,'inibir as pessoas de circular em uma √°rea espec√≠fica do hotel.'),(457,0,'receita mistura-se ao g√™nero propaganda com a finalidade de instruir o leitor.'),(458,0,'receita √© utilizada no g√™nero propaganda a fim de divulgar exemplos de vida.'),(459,1,'propaganda assume a forma do g√™nero receita para divulgar um produto aliment√≠cio.'),(460,0,'propaganda perde poder de persuas√£o ao assumir a forma do g√™nero receita.'),(461,0,'marcar a classe social das personagens.'),(462,1,'caracterizar usos lingu√≠sticos de uma regi√£o.'),(463,0,'enfatizar a rela√ß√£o familiar entre as personagens.'),(464,0,'sinalizar a influ√™ncia do g√™nero nas escolhas vocabulares.'),(465,0,'apresentam ocorr√™ncias de  hesita√ß√µes  e reformula√ß√µes.'),(466,0,'s√£o  modelos de  emprego de regras gramaticais.'),(467,0,'s√£o exemplos de uso  n√£o  planejado da l√≠ngua.'),(468,1,'s√£o  amostras do  portugu√™s  culto  urbano.'),(469,1,'contexto s√≥cio-hist√≥rico.'),(470,0,'diversidade √©tnica.'),(471,0,'descoberta geogr√°fica.'),(472,0,'apropria√ß√£o religiosa.'),(473,0,'marca√ß√£o temporal, evidenciada pela presen√ßa de palavras indicativas dos dias da semana.'),(474,1,'tom humor√≠stico, ocasionado pela ocorr√™ncia de palavras empregadas em contextos formais.'),(475,0,'caracteriza√ß√£o da identidade lingu√≠stica dos interlocutores, percebida pelas palavras regionais.'),(476,0,'distanciamento entre os interlocutores, provocado por palavras com significados pouco conhecidos.'),(477,0,'recupera√ß√£o hist√≥rica do significado.'),(478,1,'restri√ß√£o ao uso de um voc√°bulo pouco aceito socialmente.'),(479,0,'amplia√ß√£o do sentido de uma palavra.'),(480,0,'produ√ß√£o impr√≥pria de poetas portugueses.'),(481,0,'-Comprovar as afirma√ß√µes atrav√©s da ci√™ncia. '),(482,1,'Aproximar o leitor, indicando cumplicidade. '),(483,0,'Indicar o distanciamento do leitor. '),(484,0,'Caracterizar a objetividade do texto. '),(485,0,'Um texto pode ser narrativo e apresentar elementos descritivos.  '),(486,1,'O trecho seguinte n√£o apresenta coes√£o textual: A n√£o ser que estudes, ser√°s  reprovado.  '),(487,0,'Falta de coer√™ncia pode significar tamb√©m falta de l√≥gica.  '),(488,0,'O texto narrativo tem como base o fato. '),(489,0,'Dissertativo.'),(490,0,'Explicativo.'),(491,1,'Narrativo.'),(492,0,'Descritivo.'),(493,0,'Contextualidade.'),(494,0,'Superposi√ß√£o.'),(495,1,'Intertextualidade.'),(496,0,'Interlocu√ß√£o.'),(497,0,'Na minha opini√£o, todos deveriam aderir ao movimento.  '),(498,0,'Eu considero que sua atitude foi equivocada.   '),(499,1,'Os assistentes sociais reconhecem a import√¢ncia de um atendimento cuidadoso.  '),(500,0,'Verifiquei o estado prec√°rio do mobili√°rio das unidades.  '),(501,0,'Todas est√£o corretas.   '),(502,0,'Somente I e II est√£o corretas.   '),(503,0,'Somente II e III est√£o corretas'),(504,1,'Somente III est√° correta.  '),(505,0,'Os editoriais a serem publicados em jornais.  '),(506,0,'O material did√°tico utilizado em sala de aula. '),(507,0,'As revistas especializadas em moda.'),(508,1,'As publica√ß√µes mencionadas em bibliografias.  '),(509,1,'II e IV.'),(510,0,'I  e III.'),(511,0,'Apenas IV.'),(512,0,'Apenas II.'),(513,1,'padronizar e uniformizar os trabalhos acad√™micos.  '),(514,0,'padronizar as edi√ß√µes de revistas e jornais.  '),(515,0,'descrever dados e fatos na √°rea acad√™mica.   '),(516,0,'dar assist√™ncia aos estudantes em suas aulas.  '),(517,1,'a l√≠ngua √© um importante instrumento de constitui√ß√£o social de seus usu√°rios.'),(518,0,'o modo de falar o portugu√™s padr√£o deve ser divulgado ao grande p√∫blico.'),(519,0,'a escola precisa de parceiros na tarefa de valoriza√ß√£o da l√≠ngua portuguesa.'),(520,0,'o contato do p√∫blico com a norma-padr√£o solicita o uso de tecnologia de √∫ltima gera√ß√£o.'),(521,0,'altern√¢ncias na sonoridade.'),(522,1,'adequa√ß√£o √†s situa√ß√µes de uso.'),(523,0,'marca√ß√£o flexional das palavras.'),(524,0,'grafia na norma-padr√£o da l√≠ngua.'),(525,1,'falante do portugu√™s brasileiro relatando seu contato na Europa com o portugu√™s lusitano.'),(526,0,'imigrante em Lisboa com dom√≠nio dos registros formal e informal do portugu√™s europeu.'),(527,0,'turista europeu com dom√≠nio de duas variedades do portugu√™s em visita a Lisboa.'),(528,0,'portugu√™s com dom√≠nio da variedade coloquial da l√≠ngua falada no Brasil.'),(529,0,'‚ÄúPela primeira vez na vida teve pena de haver tantos assuntos no mundo.‚Äù'),(530,0,'‚ÄúOs assuntos que n√£o compreendia eram uma esp√©cie de tontura, mas o Il√≠dio era forte.‚Äù'),(531,0,'‚ÄúEssa certeza dava-lhe for√ßas para protestar mais, para gritar at√©, se lhe apetecesse.‚Äù'),(532,1,'‚ÄúSe calhar estava a falar de tratar da cabra: nunca esque√ßas de tratar da cabra.‚Äù'),(533,0,'defini√ß√µes te√≥ricas, para permitir que seus conselhos sejam √∫teis aos futuros jornalistas.'),(534,0,'g√≠rias n√£o dicionarizadas, para imitar a linguagem de jovens de baixa escolaridade.'),(535,1,'palavras de uso coloquial, para estabelecer uma intera√ß√£o satisfat√≥ria com a interlocutora.'),(536,0,'termos da linguagem jornal√≠stica, para causar boa impress√£o na jovem entrevistadora.'),(537,0,'As palavras m√£e e filho, que explicitam a rela√ß√£o de parentesco.'),(538,0,'Os usos do verbo ‚Äúestar‚Äù (est√° e t√¥).'),(539,0,'O uso do verbo no ger√∫ndio na primeira frase.'),(540,1,'Nenhuma das respostas anteriores.'),(541,0,'a'),(542,0,'b'),(543,1,'c'),(544,0,'d');
/*!40000 ALTER TABLE `alternativa` ENABLE KEYS */;
UNLOCK TABLES;

--
-- Table structure for table `disciplina`
--

DROP TABLE IF EXISTS `disciplina`;
/*!40101 SET @saved_cs_client     = @@character_set_client */;
/*!40101 SET character_set_client = utf8 */;
CREATE TABLE `disciplina` (
  `ID` bigint(20) NOT NULL AUTO_INCREMENT,
  `DESCRICAO` varchar(255) DEFAULT NULL,
  `HABILITAR` tinyint(1) DEFAULT '0',
  PRIMARY KEY (`ID`)
) ENGINE=InnoDB AUTO_INCREMENT=28 DEFAULT CHARSET=latin1;
/*!40101 SET character_set_client = @saved_cs_client */;

--
-- Dumping data for table `disciplina`
--

LOCK TABLES `disciplina` WRITE;
/*!40000 ALTER TABLE `disciplina` DISABLE KEYS */;
INSERT INTO `disciplina` VALUES (1,'Portugu√™s',0),(2,'Hist√≥ria',0),(3,'Seguran√ßa da Informa√ß√£o',1),(4,'L√≥gica Computacional',1),(5,'Redes de Computadores',1),(6,'Software Livre',1),(7,'Sistemas da Informa√ß√£o',1),(8,'Programa√ß√£o',1),(9,'Ger√™ncia de Projeto',1),(10,'Programa√ß√£o Estruturada',1),(11,'Introdu√ß√£o a Inform√°tica',1),(12,'PHP',1),(13,'Qualidade de Software',1),(14,'aaaaaaa',1),(15,'Varia√ß√£o Lingu√≠stica ',1),(16,'Normas da ABNT',1),(17,'Comunica√ß√£o e Express√£o',1),(18,'Inform√°tica e Sociedade',1),(19,'Algebra Linear',1),(20,'Qualidade de Software',1),(21,'Ci√™ncias e Tecnologia Aplicada',1),(22,'Filosofia',1),(23,'Teste',1),(24,'testando',1),(25,'Disciplina teste',1),(26,'Ci√™ncia da Natureza',1),(27,'Ci√™ncias Polit√≠cas',1);
/*!40000 ALTER TABLE `disciplina` ENABLE KEYS */;
UNLOCK TABLES;

--
-- Table structure for table `pergunta`
--

DROP TABLE IF EXISTS `pergunta`;
/*!40101 SET @saved_cs_client     = @@character_set_client */;
/*!40101 SET character_set_client = utf8 */;
CREATE TABLE `pergunta` (
  `ID` bigint(20) NOT NULL AUTO_INCREMENT,
  `DESCRICAO` longtext,
  `DIFICULDADE` varchar(255) DEFAULT NULL,
  `HABILITAR` tinyint(1) DEFAULT '0',
  `TAGS` longblob,
  `TEMPO` int(11) DEFAULT NULL,
  `DISCIPLINA_ID` bigint(20) DEFAULT NULL,
  PRIMARY KEY (`ID`),
  KEY `FK_PERGUNTA_DISCIPLINA_ID` (`DISCIPLINA_ID`),
  CONSTRAINT `FK_PERGUNTA_DISCIPLINA_ID` FOREIGN KEY (`DISCIPLINA_ID`) REFERENCES `disciplina` (`ID`)
) ENGINE=InnoDB AUTO_INCREMENT=137 DEFAULT CHARSET=latin1;
/*!40101 SET character_set_client = @saved_cs_client */;

--
-- Dumping data for table `pergunta`
--

LOCK TABLES `pergunta` WRITE;
/*!40000 ALTER TABLE `pergunta` DISABLE KEYS */;
INSERT INTO `pergunta` VALUES (1,'pergunta 1','DIFICIL',1,'¨Ì\0sr\0java.util.ArrayListxÅ“ô«aù\0I\0sizexp\0\0\0w\0\0\0t\0tagx',90,6),(2,'PERGUNTA 2','DIFICIL',1,'¨Ì\0sr\0java.util.ArrayListxÅ“ô«aù\0I\0sizexp\0\0\0\0w\0\0\0\0x',45,2),(3,'PERGUNTA 3','DIFICIL',1,'¨Ì\0sr\0java.util.ArrayListxÅ“ô«aù\0I\0sizexp\0\0\0\0w\0\0\0\0x',53,1),(4,'PERGUNTA 4 ','DIFICIL',0,'¨Ì\0sr\0java.util.ArrayListxÅ“ô«aù\0I\0sizexp\0\0\0\0w\0\0\0\0x',49,1),(5,'PERGUNTA 5	','DIFICIL',0,'¨Ì\0sr\0java.util.ArrayListxÅ“ô«aù\0I\0sizexp\0\0\0\0w\0\0\0\0x',31,1),(6,'Considera-se uma caracter√≠stica de um sistema aberto:','FACIL',0,'¨Ì\0sr\0java.util.ArrayListxÅ“ô«aù\0I\0sizexp\0\0\0\0w\0\0\0\0x',39,7),(7,'No processo de tomada de decis√£o, a palavra que identificam as v√°rias solu√ß√µes para o problema √©:','FACIL',0,'¨Ì\0sr\0java.util.ArrayListxÅ“ô«aù\0I\0sizexp\0\0\0\0w\0\0\0\0x',39,9),(8,'Em quantas camadas se divide o modelo de refer√™ncia OSI?','FACIL',0,'¨Ì\0sr\0java.util.ArrayListxÅ“ô«aù\0I\0sizexp\0\0\0\0w\0\0\0\0x',39,5),(9,'O que √© uma rede de computadores?','MEDIO',0,'¨Ì\0sr\0java.util.ArrayListxÅ“ô«aù\0I\0sizexp\0\0\0\0w\0\0\0\0x',99,5),(10,'Quanto √† dispers√£o geogr√°fica como s√£o classificadas as redes de computadores?','DIFICIL',0,'¨Ì\0sr\0java.util.ArrayListxÅ“ô«aù\0I\0sizexp\0\0\0\0w\0\0\0\0x',180,5),(11,'Dos equipamentos de rede abaixo, qual tem a fun√ß√£o de escolher o melhor caminho para o envio da informa√ß√£o?','FACIL',0,'¨Ì\0sr\0java.util.ArrayListxÅ“ô«aù\0I\0sizexp\0\0\0\0w\0\0\0\0x',39,5),(12,'Qual camada do Modelo OSI √© respons√°vel pela corre√ß√£o de erros e fluxo de dados de modo b√°sico?','MEDIO',0,'¨Ì\0sr\0java.util.ArrayListxÅ“ô«aù\0I\0sizexp\0\0\0\0w\0\0\0\0x',99,5),(13,'Quais s√£o os principais protocolos da camada de Transporte?','FACIL',0,'¨Ì\0sr\0java.util.ArrayListxÅ“ô«aù\0I\0sizexp\0\0\0\0w\0\0\0\0x',39,5),(14,'Quais s√£o as principais fun√ß√µes da camada de rede?','MEDIO',0,'¨Ì\0sr\0java.util.ArrayListxÅ“ô«aù\0I\0sizexp\0\0\0\0w\0\0\0\0x',99,5),(15,'Quantas camadas tem o modelo padr√£o TCP/IP?','DIFICIL',0,'¨Ì\0sr\0java.util.ArrayListxÅ“ô«aù\0I\0sizexp\0\0\0\0w\0\0\0\0x',180,5),(16,'A qual camada pertence o protocolo IP?','FACIL',0,'¨Ì\0sr\0java.util.ArrayListxÅ“ô«aù\0I\0sizexp\0\0\0\0w\0\0\0\0x',39,5),(17,'Como √© denominado o protocolo de configura√ß√£o din√¢mica de IP?','FACIL',0,'¨Ì\0sr\0java.util.ArrayListxÅ“ô«aù\0I\0sizexp\0\0\0\0w\0\0\0\0x',39,5),(18,'O que √© Intranet?','FACIL',0,'¨Ì\0sr\0java.util.ArrayListxÅ“ô«aù\0I\0sizexp\0\0\0\0w\0\0\0\0x',39,3),(19,'O que √© um RAT?','MEDIO',0,'¨Ì\0sr\0java.util.ArrayListxÅ“ô«aù\0I\0sizexp\0\0\0\0w\0\0\0\0x',99,7),(20,'Qual destes malwares s√£o usados para roubar dados da rede n√£o criptografados?','FACIL',0,'¨Ì\0sr\0java.util.ArrayListxÅ“ô«aù\0I\0sizexp\0\0\0\0w\0\0\0\0x',39,3),(21,'Qual desse dom√≠nio foi criado para fornecer mais seguran√ßa?','FACIL',0,'¨Ì\0sr\0java.util.ArrayListxÅ“ô«aù\0I\0sizexp\0\0\0\0w\0\0\0\0x',39,3),(22,'O navegador exclusivo da Microsoft 2010 √© o:','MEDIO',0,'¨Ì\0sr\0java.util.ArrayListxÅ“ô«aù\0I\0sizexp\0\0\0\0w\0\0\0\0x',99,7),(23,'Com base no conceito e nas caracter√≠sticas, √© sin√¥nimo de ‚Äúsoftware livre‚Äù:','FACIL',0,'¨Ì\0sr\0java.util.ArrayListxÅ“ô«aù\0I\0sizexp\0\0\0\0w\0\0\0\0x',39,6),(24,'O Windows e Linux s√£o classificados como sistemas operacionais. A principal diferen√ßa entre eles est√° √© seu n√∫cleo. Onde o n√∫cleo do Windows √© propriet√°rio e do Linux √© livre. Como √© chamado o n√∫cleo de um sistema operacional?','FACIL',0,'¨Ì\0sr\0java.util.ArrayListxÅ“ô«aù\0I\0sizexp\0\0\0\0w\0\0\0\0x',39,6),(25,'A respeito do sistema operacional Linux, assinale a op√ß√£o correta.','MEDIO',0,'¨Ì\0sr\0java.util.ArrayListxÅ“ô«aù\0I\0sizexp\0\0\0\0w\0\0\0\0x',99,6),(26,'Um programa de computador que se qualifica como software livre N√ÉO fornece a liberdade para:','MEDIO',0,'¨Ì\0sr\0java.util.ArrayListxÅ“ô«aù\0I\0sizexp\0\0\0\0w\0\0\0\0x',99,6),(27,'Qual op√ß√£o do dpkg exibi detalhes sobre um determinado pacote?','DIFICIL',0,'¨Ì\0sr\0java.util.ArrayListxÅ“ô«aù\0I\0sizexp\0\0\0\0w\0\0\0\0x',180,7),(28,'Em um sistema Debian, como posso exibir todos os pacotes instalados no sistema que contenham em seu nome a palavra \'mozilla\' com o utilit√°rio dpkg?','DIFICIL',0,'¨Ì\0sr\0java.util.ArrayListxÅ“ô«aù\0I\0sizexp\0\0\0\0w\0\0\0\0x',180,6),(29,'Utilizando o utilitario apt, qual op√ß√£o checa a integridade dos pacotes do sistema, ou seja, verifica se n√£o h√° depend√™ncias quebradas?','DIFICIL',0,'¨Ì\0sr\0java.util.ArrayListxÅ“ô«aù\0I\0sizexp\0\0\0\0w\0\0\0\0x',180,6),(30,'Qual op√ß√£o do apt-get instala os pacotes b√°sicos e tenta atualizar todo o sistema?','DIFICIL',0,'¨Ì\0sr\0java.util.ArrayListxÅ“ô«aù\0I\0sizexp\0\0\0\0w\0\0\0\0x',180,6),(31,'Utilizando o utilit√°rio apt-get, qual comando verifica as depend√™ncias automaticamente?','DIFICIL',0,'¨Ì\0sr\0java.util.ArrayListxÅ“ô«aù\0I\0sizexp\0\0\0\0w\0\0\0\0x',180,6),(32,'Qual a ordem correta das camadas?	','DIFICIL',0,'¨Ì\0sr\0java.util.ArrayListxÅ“ô«aù\0I\0sizexp\0\0\0\0w\0\0\0\0x',180,5),(33,'No modo de transmiss√£o Half-Duplex:','MEDIO',0,'¨Ì\0sr\0java.util.ArrayListxÅ“ô«aù\0I\0sizexp\0\0\0\0w\0\0\0\0x',100,5),(34,'De acordo com a Free Software Foundation, um programa de computador que se qualifica como software livre N√ÉO fornece a liberdade para:','MEDIO',0,'¨Ì\0sr\0java.util.ArrayListxÅ“ô«aù\0I\0sizexp\0\0\0\0w\0\0\0\0x',99,6),(35,'O c√≥digo abaixo mostrar uma estrutura para printar na tela uma frase. Este c√≥digo est√° escrito em qual linguagem de programa√ß√£o?\n\n#include <stdio.h>\nint main(){\n    printf(\"Hello World\");\n    return 0;\n}\n','FACIL',0,'¨Ì\0sr\0java.util.ArrayListxÅ“ô«aù\0I\0sizexp\0\0\0w\0\0\0t\0\rprograma√ß√£ot\0c√≥digox',39,10),(36,'O computador √© uma m√°quina multin√≠vel, com camadas independentes que interagem entre si. Que camadas s√£o essas?','FACIL',0,'¨Ì\0sr\0java.util.ArrayListxÅ“ô«aù\0I\0sizexp\0\0\0\0w\0\0\0\0x',39,11),(37,'No Linux, existe um diret√≥rio especial que s√≥ tem seus arquivos criados no momento em que o sistema operacional √© ligado. Neste diret√≥rio cont√©m informa√ß√µes do que est√° sendo executado no computador, como CPU e mem√≥ria. Que diret√≥rio √© esse?','MEDIO',0,'¨Ì\0sr\0java.util.ArrayListxÅ“ô«aù\0I\0sizexp\0\0\0\0w\0\0\0\0x',60,11),(38,'Do que se trata um arquivo do tipo PIPE, muito utilizado em sistemas operacionais Linux?','FACIL',0,'¨Ì\0sr\0java.util.ArrayListxÅ“ô«aù\0I\0sizexp\0\0\0w\0\0\0t\0pipet\0linuxx',39,11),(39,'O n√∫mero bin√°rio 1000 equivale a qual n√∫mero decimal abaixo?','MEDIO',0,'¨Ì\0sr\0java.util.ArrayListxÅ“ô«aù\0I\0sizexp\0\0\0\0w\0\0\0\0x',99,11),(40,'Num c√≥digo PHP, como deve ser declarada uma vari√°vel?','MEDIO',0,'¨Ì\0sr\0java.util.ArrayListxÅ“ô«aù\0I\0sizexp\0\0\0\0w\0\0\0\0x',99,12),(41,'Em sistemas desenvolvidos em Java, qual o objetivo do Hibernate?','MEDIO',0,'¨Ì\0sr\0java.util.ArrayListxÅ“ô«aù\0I\0sizexp\0\0\0w\0\0\0t\0	hibernatex',99,8),(42,'Qual Padr√£o de Projeto possui a seguinte caracter√≠stica: ‚Äúsem violar o encapsulamento, captura e externaliza um estado interno de um objeto, de maneira que o objeto possa ser restaurado para esse estado mais tarde‚Äù.','DIFICIL',0,'¨Ì\0sr\0java.util.ArrayListxÅ“ô«aù\0I\0sizexp\0\0\0\0w\0\0\0\0x',180,7),(43,'Quando de trata de Qualidade de Software, testes s√£o necess√°rios. Qual o tipo de teste que realiza testes funcionais, comportamentais e entrada ou sa√≠da de dados? ','DIFICIL',0,'¨Ì\0sr\0java.util.ArrayListxÅ“ô«aù\0I\0sizexp\0\0\0\0w\0\0\0\0x',180,13),(44,'Qual dos modelos de desenvolvimento de software abaixo √© caracterizado por ser sequencial, constante e dividido em fases? ','DIFICIL',0,'¨Ì\0sr\0java.util.ArrayListxÅ“ô«aù\0I\0sizexp\0\0\0\0w\0\0\0\0x',180,7),(45,'Pela l√≥gica booleana, em conjunto a n√∫meros de base 2, *bin√°rios, as equa√ß√µes geram resultados de mesmo valor sem√¢ntico aos de base 10. Qual das \"equa√ß√µes\" bin√°rias esta correta? C√°lculo e Resposta em Bin√°rio.','FACIL',0,'¨Ì\0sr\0java.util.ArrayListxÅ“ô«aù\0I\0sizexp\0\0\0\0w\0\0\0\0x',39,4),(46,'HTML √© uma linguagem de...','FACIL',0,'¨Ì\0sr\0java.util.ArrayListxÅ“ô«aù\0I\0sizexp\0\0\0\0w\0\0\0\0x',39,12),(47,'\"√â o tamanho percentual comparado ao tamanho do browser.\" Essa √© a defini√ß√£o de:','MEDIO',0,'¨Ì\0sr\0java.util.ArrayListxÅ“ô«aù\0I\0sizexp\0\0\0\0w\0\0\0\0x',99,12),(48,'O cat√°logo de padr√µes de projeto (design patterns) do GoF cont√©m','DIFICIL',0,'¨Ì\0sr\0java.util.ArrayListxÅ“ô«aù\0I\0sizexp\0\0\0\0w\0\0\0\0x',180,9),(49,'Um dos participantes da equipe de desenvolvimento de um framework deve implementar uma opera√ß√£o em uma das classes desse framework. Seja X o nome dessa classe. Essa opera√ß√£o implementa um algoritmo em particular. Entretanto, h√° passos desse algoritmo que devem ser implementados pelos usu√°rios do framework atrav√©s da defini√ß√£o de uma subclasse de X. Sendo assim, qual o padr√£o de projeto do cat√°logo GoF (Gang of Four) a ser usado pelo desenvolvedor do framework na implementa√ß√£o da referida opera√ß√£o, dentre os listados a seguir?','DIFICIL',0,'¨Ì\0sr\0java.util.ArrayListxÅ“ô«aù\0I\0sizexp\0\0\0\0w\0\0\0\0x',180,9),(50,'Por motivo de seguran√ßa, deseja-se adicionar registro (log) das opera√ß√µes efetuadas no sistema de contabilidade de uma empresa. O arquiteto do sistema decide que deve existir somente uma inst√¢ncia de uma classe de registro (log) e que esta ser√° o ponto de acesso global para os demais componentes do sistema. Que padr√£o de projeto pode ser utilizado nesse caso?','DIFICIL',0,'¨Ì\0sr\0java.util.ArrayListxÅ“ô«aù\0I\0sizexp\0\0\0\0w\0\0\0\0x',180,9),(51,'Quanto √†s mem√≥rias, podemos afirmar que existe uma mem√≥ria somente de leitura onde seus dados n√£o s√£o perdidos quando desligada. Estamos falando da mem√≥ria:','FACIL',0,'¨Ì\0sr\0java.util.ArrayListxÅ“ô«aù\0I\0sizexp\0\0\0\0w\0\0\0\0x',39,11),(52,'Al√©m das mem√≥rias RAM (Random Access Memory), os computadores possuem mem√≥rias ROM (Read Only Memory) em suas arquiteturas. Com rela√ß√£o a esses tipos de mem√≥ria, tem-se que','MEDIO',0,'¨Ì\0sr\0java.util.ArrayListxÅ“ô«aù\0I\0sizexp\0\0\0\0w\0\0\0\0x',129,11),(53,'S√£o caracter√≠sticas das mem√≥rias SRAM:','MEDIO',0,'¨Ì\0sr\0java.util.ArrayListxÅ“ô«aù\0I\0sizexp\0\0\0\0w\0\0\0\0x',100,7),(54,'\nNa arquitetura de von Neumann, a unidade b√°sica de transfer√™ncia da mem√≥ria ou para a mem√≥ria denomina-se:','FACIL',0,'¨Ì\0sr\0java.util.ArrayListxÅ“ô«aù\0I\0sizexp\0\0\0\0w\0\0\0\0x',39,7),(55,'O que significa BIOS?','FACIL',0,'¨Ì\0sr\0java.util.ArrayListxÅ“ô«aù\0I\0sizexp\0\0\0\0w\0\0\0\0x',39,7),(56,'‚ÄúGerente ‚Äì Boa tarde. Em que eu posso ajud√°-lo? \nCliente ‚Äì Estou interessado em financiamento para compra \nde ve√≠culo. \nGerente ‚Äì N√≥s dispomos de v√°rias modalidades de cr√©dito. \nO senhor √© nosso cliente? \nCliente ‚Äì Sou J√∫lio C√©sar Fontoura, tamb√©m sou \nfuncion√°rio do banco. \nGerente ‚Äì Julinho, √© voc√™, cara? Aqui √© a Helena! C√™ t√° \nem Bras√≠lia? Pensei que voc√™ inda tivesse na ag√™ncia de \nUberl√¢ndia! Passa aqui pra gente conversar com calma.‚Äù \n \nNa representa√ß√£o escrita da conversa telef√¥nica entre a gerente do banco e o cliente, observa-se que a maneira de falar da gerente foi alterada de repente devido:\n','DIFICIL',1,'¨Ì\0sr\0java.util.ArrayListxÅ“ô«aù\0I\0sizexp\0\0\0\0w\0\0\0\0x',180,15),(57,'‚ÄúQuando eu falo com voc√™s, procuro usar o c√≥digo de voc√™s. A figura do √≠ndio no Brasil de hoje n√£o pode ser aquela de 500 anos atr√°s. Vieram para c√° asi√°ticos, europeus, africanos, e todo mundo quer ser brasileiro. A pergunta que n√≥s fazemos √©: qual √© o peda√ßo de √≠ndio que voc√™s t√™m? O seu cabelo? S√£o seus olhos? Ou √© o nome da sua rua? O nome da sua pra√ßa? Enfim, voc√™s devem ter um peda√ßo de √≠ndio dentro de voc√™s. N√≥s n√£o queremos tomar o Brasil de voc√™s, n√≥s queremos compartilhar esse Brasil com voc√™s‚Äù. \n\nNa situa√ß√£o de comunica√ß√£o da qual o texto foi retirado, a norma padr√£o da l√≠ngua portuguesa √© empregada com a finalidade de:\n','DIFICIL',1,'¨Ì\0sr\0java.util.ArrayListxÅ“ô«aù\0I\0sizexp\0\0\0\0w\0\0\0\0x',180,15),(58,'‚ÄúCara, se, tipo assim, o seu filho escrever como fala, ele t√° ferrado‚Äù. \n\nO coment√°rio acima aborda a quest√£o das atividades lingu√≠sticas e sua rela√ß√£o com as modalidades oral e escrita da l√≠ngua. Esse coment√°rio deixa evidente uma posi√ß√£o cr√≠tica quanto a usos que se fazem da linguagem, enfatizando ser necess√°rio:\n','DIFICIL',1,'¨Ì\0sr\0java.util.ArrayListxÅ“ô«aù\0I\0sizexp\0\0\0\0w\0\0\0\0x',180,15),(59,'‚ÄúPor que pronunciamos muitas palavras de um jeito diferente da escrita? Pode-se refletir sobre esse aspecto da l√≠ngua com base em duas perspectivas. Na primeira delas, fala e escrita s√£o dicot√¥micas, o que restringe o ensino da l√≠ngua ao c√≥digo. Da√≠ vem o entendimento de que a escrita √© mais complexa que a fala, e seu ensino restringe-se ao conhecimento das regras gramaticais, sem a preocupa√ß√£o com situa√ß√µes de uso. A outra permite encarar as diferen√ßas como um produto distinto de duas modalidades: a oral e a escrita‚Äù (REVISTA NOVA ESCOLA).\n\nEntre as caracter√≠sticas pr√≥prias do tipo de texto acima, identificam-se marcas lingu√≠sticas pr√≥prias do uso:\n','DIFICIL',1,'¨Ì\0sr\0java.util.ArrayListxÅ“ô«aù\0I\0sizexp\0\0\0\0w\0\0\0\0x',180,15),(60,'‚ÄúQuando os portugueses se instalaram no Brasil, o pa√≠s era povoado de √≠ndios. Importaram, depois, da √Åfrica, grande n√∫mero de escravos. O Portugu√™s, o √çndio e o Negro constituem, durante o per√≠odo colonial, as tr√™s bases da popula√ß√£o brasileira. Mas no que se refere √† cultura, a contribui√ß√£o do Portugu√™s foi de longe a mais notada. Durante muito tempo o portugu√™s e o tupi viveram lado a lado. Em 1694, dizia o Padre Vieira que as fam√≠lias dos portugueses e √≠ndios estavam t√£o ligadas que a l√≠ngua que se falava nas casas era a dos √çndios, e a portuguesa os meninos aprendiam na escola‚Äù.\n\nO texto mostra que o patrim√¥nio lingu√≠stico brasileiro √© resultado da:\n','DIFICIL',1,'¨Ì\0sr\0java.util.ArrayListxÅ“ô«aù\0I\0sizexp\0\0\0\0w\0\0\0\0x',180,15),(61,'‚ÄúO grande conceito por tr√°s do Museu da L√≠ngua √© apresentar o idioma como algo vivo e fundamental para o entendimento do que √© ser brasileiro. Se nada nos define com clareza, a forma como falamos o portugu√™s nas mais diversas situa√ß√µes cotidianas √© talvez a melhor express√£o da brasilidade‚Äù. \n\nO texto prop√µe uma reflex√£o acerca da l√≠ngua portuguesa, ressaltando para o leitor a:\n','DIFICIL',1,'¨Ì\0sr\0java.util.ArrayListxÅ“ô«aù\0I\0sizexp\0\0\0\0w\0\0\0\0x',180,15),(62,'MANDIOCA: mais um presente da Amaz√¥nia\nAipim, castelinha, macaxeira, maniva. As designa√ß√µes de Manihot utilissima podem variar de regi√£o, mas uma delas deve ser levada em conta em todo o territ√≥rio nacional: p√£o-de-pobre - e por motivos √≥bvios. Rica em f√©cula, a mandioca, uma planta r√∫stica e nativa da Amaz√¥nia disseminada no mundo inteiro, especialmente pelos colonizadores portugueses, √© a base de sustento de muitos brasileiros e o √∫nico alimento dispon√≠vel para mais de 600 milh√µes de pessoas em v√°rios pontos do planeta, e em particular em algumas regi√µes da √Åfrica. \n\nDe acordo com o texto, h√° no Brasil uma variedade de nomes para a Manihot utilissima. Esse fen√¥meno revela que:\n','DIFICIL',1,'¨Ì\0sr\0java.util.ArrayListxÅ“ô«aù\0I\0sizexp\0\0\0\0w\0\0\0\0x',180,15),(63,'‚Äúeu gostava muito de passe√°... sa√≠ com as minhas \ncolegas... brinc√° na porta di casa di v√¥lei... and√° de \npatins... bicicleta... quando eu levava um tombo ou \noutro... eu era a::... a palha√ßa da turma... ((risos))... eu \nacho que foi uma das fases mais... assim... gostosas da \nminha vida foi... essa fase de quinze... dos meus treze \naos dezessete anos...‚Äù\n\nA.P.S., sexo feminino, 38 anos, n√≠vel de ensino fundamental. \nProjeto Fala Goiana, UFG, 2010 (in√©dito).\n\nUm aspecto da composi√ß√£o estrutural que caracteriza o relato pessoal de A.P.S. como modalidade falada da l√≠ngua √©:\n','DIFICIL',1,'¨Ì\0sr\0java.util.ArrayListxÅ“ô«aù\0I\0sizexp\0\0\0\0w\0\0\0\0x',180,15),(64,'Na pr√°tica viva da l√≠ngua, mais importante que o crit√©rio de corre√ß√£o lingu√≠stica, √© o uso. Nesse sentido, o conceito de ‚Äúerro‚Äù que fundamentava a gram√°tica tradicional √© modificado quando emergem os estudos de varia√ß√£o lingu√≠stica. Erro passa a significar apenas palavras, express√µes ou estruturas que n√£o s√£o usadas por uma dada comunidade. Erro, ent√£o, entre as alternativas abaixo seria apenas o seguinte enunciado:','DIFICIL',1,'¨Ì\0sr\0java.util.ArrayListxÅ“ô«aù\0I\0sizexp\0\0\0\0w\0\0\0\0x',180,15),(65,'‚ÄúCada palavra se apresenta como uma arena em miniatura onde se entrecruzam e lutam os valores sociais de orienta√ß√£o contradit√≥ria‚Äù ‚Äì Mikhail Bakhtin\n\nExemplifica a conceitua√ß√£o de Bakhtin acerca da palavra os seguintes usos:\n','DIFICIL',1,'¨Ì\0sr\0java.util.ArrayListxÅ“ô«aù\0I\0sizexp\0\0\0\0w\0\0\0\0x',180,15),(66,'Dentro do portugu√™s falado no Brasil, existem muitas varia√ß√µes: de sotaque, ritmo da fala, vocabul√°rio, etc. Algumas delas s√£o criadas artificialmente, e mantidas interessantemente como parte de um nicho cultural espec√≠fico. Um bom exemplo √© a guilagem camaco, criada entre oper√°rios do s√©culo XIX na cidade de Itabira, e at√© hoje conhecida pela maior parte de sua popula√ß√£o. \nVeja como exemplo o seguinte enunciado em guilagem camaco:\n\nBase lafar guilagem camaco? Ssaim moque√ßa mua vonquersa. Galu√©m pesrronde: Isn, lafo medais. Base cresever guilagem camaco? √înis, cuna cresevi ssio aiq.\n\nDentre os enunciados abaixo, em l√≠ngua portuguesa, qual deles est√° presente no texto em guilagem camaco?\n','DIFICIL',1,'¨Ì\0sr\0java.util.ArrayListxÅ“ô«aù\0I\0sizexp\0\0\0\0w\0\0\0\0x',180,15),(67,'Observe a seguinte defini√ß√£o gramatical: ‚ÄúAdjetivo √© toda palavra que se refere a um substantivo indicando-lhe um atributo‚Äù. Por exemplo: Dia feliz; amado amigo; querido di√°rio, etc. Com base nessa defini√ß√£o, a √∫nica alternativa que apresenta apenas adjetivos presentes nos enunciados abaixo √©:\n\nI-	‚ÄúQue cabrioc√°rica menina!‚Äù, exclamei para Xonisvalkiria. \nII-	Quem imaginaria que naquele tirano l√≠del de apar√™ncia estrogon√≥fica escondia-se um cora√ß√£o mediov√°igel de sentimentos aericoptelizados?\n','DIFICIL',1,'¨Ì\0sr\0java.util.ArrayListxÅ“ô«aù\0I\0sizexp\0\0\0\0w\0\0\0\0x',180,15),(68,'Ant√¥nimos s√£o palavras que indicam algum tipo de oposi√ß√£o. Podemos dividi-los em duas grandes classes: o Tipo 1, aqueles que s√£o como os pares casado/solteiro, original/falsificado, e o Tipo 2, os que s√£o como quente/frio, longo/curto, calmo/agitado. Entretanto, muitos pares de ant√¥nimos (possivelmente a maioria deles) podem funcionar como Tipo 1 ou como Tipo 2, dependendo de como forem usados no discurso. Nas frases a seguir, usamos o par esperto/trouxa. Identifique os casos abaixo como tipo 1 ou 2 e d√™ a sequ√™ncia correta:\n\n[  ] Arnaldo n√£o √© muito esperto, mas trouxa tamb√©m n√£o √©. \n[  ] O mundo √© dos espertos.\n[  ] H√° apenas tr√™s alunos espertos nesta classe. Voc√™ n√£o √© um deles. \n','DIFICIL',1,'¨Ì\0sr\0java.util.ArrayListxÅ“ô«aù\0I\0sizexp\0\0\0\0w\0\0\0\0x',180,15),(69,'√ìia eu  aqui de  novo xaxando\n√ìia eu aqui de novo pra xaxar\nVou mostrar pr‚Äôesses cabras\nQue eu ainda dou no couro\nIsso √© um desaforo\nQue eu n√£o posso levar\nQue eu aqui de novo cantando\nQue eu aqui de novo xaxando\n√ìia eu aqui de novo mostrando\nComo se deve xaxar.\nVem c√° morena linda\nVestida de chita\nVoc√™ √© a mais bonita\nDesse meu lugar\nVai, chama Maria, chama Luzia\nVai, chama Zab√©, chama Raque\nDiz que tou aqui com alegria.\n\nA letra da can√ß√£o de Ant√¥nio Barros manifesta aspectos do repert√≥rio lingu√≠stico e cultural do Brasil. O verso que singulariza uma forma do falar popular regional √©:\n','DIFICIL',1,'¨Ì\0sr\0java.util.ArrayListxÅ“ô«aù\0I\0sizexp\0\0\0\0w\0\0\0\0x',180,15),(70,'As palavras costumam adquirir novas fun√ß√µes ao longo do tempo e conforme o uso. Muitas vezes, palavras que normalmente expressam um significado pleno assumem um sentido estendido ou outras fun√ß√µes na ora√ß√£o. Esse processo, chamado por alguns autores de gramaticaliza√ß√£o, √© extremamente ativo nas l√≠nguas. Em qual/quais das cita√ß√µes abaixo o verbo ‚ÄúPEGAR‚Äù desempenha um papel mais pr√≥ximo de seu sentido e fun√ß√£o originais?\"\n\nI-	Era um trote. Da√≠ ele me disse em seguida, rindo: ‚ÄúTe peguei, n√©?‚Äù\nII-	A√≠ eu peguei e falei assim: ‚Äúvem c√°! Quem voc√™ pensa que √©?‚Äù\nIII-	Sumam todos. N√£o me peguem pelo bra√ßo! N√£o me macem pelo amor de deus. J√° disse que sou sozinho.\n','DIFICIL',1,'¨Ì\0sr\0java.util.ArrayListxÅ“ô«aù\0I\0sizexp\0\0\0\0w\0\0\0\0x',180,15),(71,'‚ÄúS√≥ h√° uma sa√≠da para a escola se ela quiser ser mais bem-sucedida: aceitar a mudan√ßa da l√≠ngua como um fato. Isso deve significar que a escola deve aceitar qualquer forma de l√≠ngua em suas atividades escritas? N√£o! H√° outra coisa a ser considerada: de fato, no mundo real da escrita, n√£o existe apenas um portugu√™s correto, que valeria para todas as ocasi√µes: o estilo dos contratos n√£o √© o mesmo dos manuais de instru√ß√£o; o dos editoriais dos jornais n√£o √© o mesmo dos cadernos de cultura dos mesmos jornais. Ou do de seus colunistas‚Äù.\n\nNo texto, √© defendida a tese de que n√£o existe um √∫nico portugu√™s correto. Assim sendo, o dom√≠nio da l√≠ngua portuguesa implica, entre outras coisas, saber:\n','DIFICIL',1,'¨Ì\0sr\0java.util.ArrayListxÅ“ô«aù\0I\0sizexp\0\0\0\0w\0\0\0\0x',180,15),(72,'Leitores fazem sugest√µes para o Museu das Inven√ß√µes Cariocas\n‚ÄúFalar ‚Äòcaraca!‚Äô a cada surpresa ou acontecimento que vemos, bons ou ruins, √© inven√ß√£o do carioca.‚Äù Cariocas inventam um vocabul√°rio pr√≥prio: Dizer ‚Äòmerrm√£o‚Äô e ‚Äò√© mermo‚Äô para um amigo pode at√© doer um pouco no ouvido, mas √© tipicamente carioca. Pedir um ‚Äòchoro‚Äô ao gar√ßom √© inven√ß√£o carioca. Chamar um quase desconhecido de ‚Äòquerido‚Äô √© um carinho inventado pelo carioca para tratar bem quem ainda n√£o se conhece direito.‚Äù\nEntre as sugest√µes apresentadas para o Museu das Inven√ß√µes Cariocas, destaca-se o variado repert√≥rio lingu√≠stico dos falantes cariocas nas diferentes situa√ß√µes de uso social. A respeito desse repert√≥rio, atesta-se o/a','DIFICIL',1,'¨Ì\0sr\0java.util.ArrayListxÅ“ô«aù\0I\0sizexp\0\0\0\0w\0\0\0\0x',180,15),(73,'O Google Art √© uma ferramenta que permite a visita√ß√£o virtual dos mais importantes museus do mundo e a visualiza√ß√£o de suas obras. Por meio da tecnologia Street View e de um ve√≠culo exclusivamente pensado para o projeto, fotografou-se em 360 graus o interior de lugares como o MoMA, o Museu Van Gogh e a National Gallery. Al√©m disso, cada museu escolheu uma obra de arte de seu acervo para ser fotografada com c√¢meras de alt√≠ssima resolu√ß√£o, mil vezes mais detalhada do que uma foto de c√¢mera digital comum. Al√©m disso, todas as obras v√™m acompanhadas de metadados de proveni√™ncia. \n\nAs tecnologias da computa√ß√£o possibilitam um novo olhar sobre as obras de arte. A pr√°tica permite que usu√°rios:\n','DIFICIL',1,'¨Ì\0sr\0java.util.ArrayListxÅ“ô«aù\0I\0sizexp\0\0\0\0w\0\0\0\0x',180,15),(74,'As palavras costumam adquirir novas fun√ß√µes ao longo do tempo e conforme o uso. Muitas vezes, palavras que normalmente expressam um significado pleno assumem um sentido estendido ou outras fun√ß√µes na ora√ß√£o. Esse processo, chamado por alguns autores de gramaticaliza√ß√£o, √© extremamente ativo nas l√≠nguas. Em qual das cita√ß√µes abaixo o verbo ‚Äúchegar‚Äù desempenha um papel mais pr√≥ximo de seu sentido e fun√ß√£o originais?','DIFICIL',1,'¨Ì\0sr\0java.util.ArrayListxÅ“ô«aù\0I\0sizexp\0\0\0\0w\0\0\0\0x',180,15),(75,'A homofonia (igualdade de fonemas) entre duas palavras diferentes √© um fen√¥meno comum em todas as l√≠nguas do mundo, podendo ser usada intencionalmente para provocar efeitos po√©ticos ou humor√≠sticos. Na frase \"O Brasil √© feito por n√≥s, basta saber desat√°-los\", do Bar√£o de Itarar√©, o efeito de humor acontece porque uma palavra pode ser interpretada como: ','DIFICIL',1,'¨Ì\0sr\0java.util.ArrayListxÅ“ô«aù\0I\0sizexp\0\0\0\0w\0\0\0\0x',180,15),(76,'A l√≠ngua rapa nui, que hoje possui apenas cerca de 3.000 falantes nativos, exibe diversos fen√¥menos interessantes, entre eles a forma de marcar posse. Veja alguns exemplos: \n\nt?\'aku hau = minha corda\nt?\'ona mata = olho dele/dela\nvak \'a Taka = canoa de Taka\n\'i?oa o Puakiva = nome de Puakiva\nt?\'oku v?rua = meu esp√≠rito\nkete \'a Kava = cesta de Kava\nt?\'aku k?mara = minha batata doce\nt?\'ona m?ramarama = sabedoria dele/dela\nk?koma o Tiare = intestino de Tiare\n\nComo se diz, em rapa nui, \"corpo dele/dela\", \"cheiro de Orohe\", \"meu amigo\"?\n','DIFICIL',1,'¨Ì\0sr\0java.util.ArrayListxÅ“ô«aù\0I\0sizexp\0\0\0\0w\0\0\0\0x',180,15),(77,'A met√°fora, diferente do que muitos pensam, n√£o √© exclusiva de g√™neros liter√°rios. Ela est√° presente no nosso cotidiano, √†s vezes de forma impercept√≠vel. Um dos exemplos s√£o as met√°foras que chamamos posicionais. Por exemplo, as defini√ß√µes de c√©u e inferno s√£o met√°foras posicionais, que demonstra nossa associa√ß√£o de coisas positivas a algo que est√° em cima e coisas negativas a algo que est√° embaixo. Dentre as alternativas abaixo, todas s√£o met√°foras posicionais, EXCETO:','DIFICIL',1,'¨Ì\0sr\0java.util.ArrayListxÅ“ô«aù\0I\0sizexp\0\0\0\0w\0\0\0\0x',180,15),(78,'‚Äú- Mam√£e, t√¥ tum fome. Mam√£e, d√° tum√™!‚Äù\n\nO enunciado acima traz um di√°logo entre duas personagens do romance O Quinze, da escritora nordestina Rachel de Queiroz.  A frase dita pelo garoto Duquinha √† m√£e, √© exemplo de uma variedade: \n','MEDIO',1,'¨Ì\0sr\0java.util.ArrayListxÅ“ô«aù\0I\0sizexp\0\0\0\0w\0\0\0\0x',90,15),(79,'‚ÄúNarra√ß√£o, fofoca, bilhete, argumenta√ß√£o‚Äù s√£o respectivamente:','MEDIO',1,'¨Ì\0sr\0java.util.ArrayListxÅ“ô«aù\0I\0sizexp\0\0\0\0w\0\0\0\0x',90,15),(80,'S√£o exemplos de g√™neros textuais predominantemente expositivos, COM EXCE√á√ÉO DE:','MEDIO',1,'¨Ì\0sr\0java.util.ArrayListxÅ“ô«aù\0I\0sizexp\0\0\0\0w\0\0\0\0x',90,15),(81,'S√£o exemplos de g√™neros textuais predominantemente narrativos, COM EXCE√á√ÉO DE:','MEDIO',1,'¨Ì\0sr\0java.util.ArrayListxÅ“ô«aù\0I\0sizexp\0\0\0\0w\0\0\0\0x',90,15),(82,'S√£o exemplos de g√™neros textuais predominantemente injuntivos:','MEDIO',1,'¨Ì\0sr\0java.util.ArrayListxÅ“ô«aù\0I\0sizexp\0\0\0\0w\0\0\0\0x',90,15),(83,'S√£o exemplos de g√™neros textuais predominantemente argumentativos:','MEDIO',1,'¨Ì\0sr\0java.util.ArrayListxÅ“ô«aù\0I\0sizexp\0\0\0\0w\0\0\0\0x',90,15),(84,'S√£o exemplos de g√™neros textuais predominantemente descritivos, COM EXCE√á√ÉO DE:','MEDIO',1,'¨Ì\0sr\0java.util.ArrayListxÅ“ô«aù\0I\0sizexp\0\0\0\0w\0\0\0\0x',90,15),(85,'Suportes convencionais s√£o aqueles criados com a finalidade de portarem textos. Assinale a op√ß√£o que apresenta apenas suportes convencionais:','MEDIO',1,'¨Ì\0sr\0java.util.ArrayListxÅ“ô«aù\0I\0sizexp\0\0\0\0w\0\0\0\0x',90,15),(86,'Suportes incidentais s√£o aqueles que por alguma situa√ß√£o espec√≠fica trazem um texto, mas n√£o s√£o destinados a esse fim. Entre eles, podemos destacar:','MEDIO',1,'¨Ì\0sr\0java.util.ArrayListxÅ“ô«aù\0I\0sizexp\0\0\0\0w\0\0\0\0x',90,15),(87,'Uma das principais vantagens trazidas pelo trabalho com g√™neros textuais em detrimento dos tipos textuais √©:','MEDIO',1,'¨Ì\0sr\0java.util.ArrayListxÅ“ô«aù\0I\0sizexp\0\0\0\0w\0\0\0\0x',90,15),(88,'Nas refer√™ncias bibliogr√°ficas de livros com um autor, S√ì N√ÉO √â necess√°rio conter:','FACIL',1,'¨Ì\0sr\0java.util.ArrayListxÅ“ô«aù\0I\0sizexp\0\0\0\0w\0\0\0\0x',60,16),(89,'Nas refer√™ncias bibliogr√°ficas de livros com dois autores, o nome de cada um deles deve ser separado por:','FACIL',1,'¨Ì\0sr\0java.util.ArrayListxÅ“ô«aù\0I\0sizexp\0\0\0\0w\0\0\0\0x',60,16),(90,'Sobre as refer√™ncias bibliogr√°ficas de livros com tr√™s autores, √© CORRETO afirmar que:','FACIL',1,'¨Ì\0sr\0java.util.ArrayListxÅ“ô«aù\0I\0sizexp\0\0\0\0w\0\0\0\0x',60,16),(91,'Sobre as refer√™ncias bibliogr√°ficas de cap√≠tulo de livro, √© INCORRETO afirmar que:','FACIL',1,'¨Ì\0sr\0java.util.ArrayListxÅ“ô«aù\0I\0sizexp\0\0\0\0w\0\0\0\0x',60,16),(92,'Sobre as refer√™ncias bibliogr√°ficas de artigo de peri√≥dico, √© INCORRETO afirmar que:','FACIL',1,'¨Ì\0sr\0java.util.ArrayListxÅ“ô«aù\0I\0sizexp\0\0\0\0w\0\0\0\0x',60,16),(93,'Artigos disponibilizados na internet devem conter:','FACIL',1,'¨Ì\0sr\0java.util.ArrayListxÅ“ô«aù\0I\0sizexp\0\0\0\0w\0\0\0\0x',60,16),(94,'Em artigos publicados em anais de eventos, o que vem em destaque (caixa alta) √© o: ','FACIL',1,'¨Ì\0sr\0java.util.ArrayListxÅ“ô«aù\0I\0sizexp\0\0\0\0w\0\0\0\0x',60,16),(95,'Qual das refer√™ncias bibliogr√°ficas abaixo est√° CORRETA? ','FACIL',1,'¨Ì\0sr\0java.util.ArrayListxÅ“ô«aù\0I\0sizexp\0\0\0\0w\0\0\0\0x',60,16),(96,'Qual das refer√™ncias bibliogr√°ficas abaixo est√° INCORRETA? ','FACIL',1,'¨Ì\0sr\0java.util.ArrayListxÅ“ô«aù\0I\0sizexp\0\0\0\0w\0\0\0\0x',60,16),(97,'Sobre as refer√™ncias bibliogr√°ficas, √© CORRETO AFIRMAR QUE: ','FACIL',1,'¨Ì\0sr\0java.util.ArrayListxÅ“ô«aù\0I\0sizexp\0\0\0\0w\0\0\0\0x',60,16),(98,'Se o trecho citado em um livro encontra-se na orelha do mesmo, o que devo fazer? ','FACIL',1,'¨Ì\0sr\0java.util.ArrayListxÅ“ô«aù\0I\0sizexp\0\0\0\0w\0\0\0\0x',60,16),(99,'Quando eu quero transcrever, com as mesmas palavras, o texto de um outro autor em meu pr√≥prio texto, a ABNT recomenda a presen√ßa das seguintes informa√ß√µes:','FACIL',1,'¨Ì\0sr\0java.util.ArrayListxÅ“ô«aù\0I\0sizexp\0\0\0\0w\0\0\0\0x',60,16),(100,'De acordo com a ABNT, as cita√ß√µes diretas com mais de tr√™s linhas devem:','FACIL',1,'¨Ì\0sr\0java.util.ArrayListxÅ“ô«aù\0I\0sizexp\0\0\0\0w\0\0\0\0x',60,16),(101,'De acordo com a ABNT, as cita√ß√µes indiretas devem:','FACIL',1,'¨Ì\0sr\0java.util.ArrayListxÅ“ô«aù\0I\0sizexp\0\0\0\0w\0\0\0\0x',60,16),(102,'Gostaria t√£o somente de evidenciar a recorr√™ncia de uma tend√™ncia ‚Äì n√£o menos cartesiana, n√£o menos positivista ‚Äì que, na nossa ‚Äúalergia contra as formas consideradas atributos meramente acidentais‚Äù (ADORNO, 2003, p. 19), continua a separar, de um lado, objetividade, mente, ci√™ncia, raz√£o e, de outro, subjetividade, corpo, fic√ß√£o, emo√ß√£o.\n\nA cita√ß√£o acima √© do tipo:\n','FACIL',1,'¨Ì\0sr\0java.util.ArrayListxÅ“ô«aù\0I\0sizexp\0\0\0\0w\0\0\0\0x',60,16),(103,'Dessa forma, o trabalho de pesquisa e investiga√ß√£o do passado levado a efeito pela historiografia atual, op√µe-se, ao admitir a inventividade de seu discurso, √† reconstru√ß√£o objetiva da realidade passada, pois pressup√µe o lirismo, a fantasia, a criatividade e a imagina√ß√£o, caracteres essenciais do fazer art√≠stico (DUBY; LARDREAU, 1989).\n\nA cita√ß√£o acima est√°:\n','FACIL',1,'¨Ì\0sr\0java.util.ArrayListxÅ“ô«aù\0I\0sizexp\0\0\0\0w\0\0\0\0x',60,16),(104,'Sobre a ACD (An√°lise Cr√≠tica do Discurso), √© INCORRETO dizer que:','FACIL',1,'¨Ì\0sr\0java.util.ArrayListxÅ“ô«aù\0I\0sizexp\0\0\0\0w\0\0\0\0x',60,16),(105,'Todas as alternativas abaixo trazem categorias relevantes de an√°lise da ACD (An√°lise Cr√≠tica do Discurso), EXCETO:','FACIL',1,'¨Ì\0sr\0java.util.ArrayListxÅ“ô«aù\0I\0sizexp\0\0\0\0w\0\0\0\0x',60,16),(106,'A pressuposi√ß√£o, enquanto categoria da An√°lise Cr√≠tica do Discurso, S√ì N√ÉO est√° presente no seguinte enunciado:','FACIL',1,'¨Ì\0sr\0java.util.ArrayListxÅ“ô«aù\0I\0sizexp\0\0\0\0w\0\0\0\0x',60,16),(107,'Todos os itens abaixo s√£o fatores da textualidade, EXCETO:','FACIL',1,'¨Ì\0sr\0java.util.ArrayListxÅ“ô«aù\0I\0sizexp\0\0\0\0w\0\0\0\0x',60,16),(108,'Chamamos o entrela√ßamento lingu√≠stico (de palavras, express√µes, frases, etc) no interior de um texto, coes√£o textual. Portanto, uma das classes de palavras mais expressivas no que diz respeito √† coes√£o √©:','FACIL',1,'¨Ì\0sr\0java.util.ArrayListxÅ“ô«aù\0I\0sizexp\0\0\0\0w\0\0\0\0x',60,16),(109,'COES√ÉO POR REFER√äNCIA: As palavras respons√°veis por esse tipo de coes√£o n√£o podem ser interpretadas semanticamente por si mesmas, mas remetem a outros itens do discurso necess√°rios √† sua interpreta√ß√£o.\n\nS√£o exemplos de coes√£o por refer√™ncia, EXCETO:\n','FACIL',1,'¨Ì\0sr\0java.util.ArrayListxÅ“ô«aù\0I\0sizexp\0\0\0\0w\0\0\0\0x',60,16),(110,'Na frase abaixo, o nexo √© facilmente recobr√°vel. Indique o mecanismo coesivo expl√≠cito na superf√≠cie textual: \n\n‚ÄúA m√°quina parou. Est√° faltando energia el√©trica‚Äù.\n','FACIL',1,'¨Ì\0sr\0java.util.ArrayListxÅ“ô«aù\0I\0sizexp\0\0\0\0w\0\0\0\0x',60,16),(111,'Receita\nTome-se um poeta n√£o cansado,\nUma nuvem de sonho e uma flor,\nTr√™s gotas de tristeza, um tom dourado,\nUma veia sangrando de pavor.\nQuando a massa j√° ferve e se retorce\nDeita-se a luz dum corpo de mulher,\nDuma pitada de morte se reforce,\nQue um amor de poeta assim requer.\nSARAMAGO, J. Os poemas poss√≠veis. Alfragide: Caminho, 1997.\n\nOs g√™neros textuais caracterizam-se por serem relativamente est√°veis e podem reconfigurar-se em fun√ß√£o do prop√≥sito comunicativo. Esse texto constitui uma mescla de g√™neros, pois:\n','DIFICIL',1,'¨Ì\0sr\0java.util.ArrayListxÅ“ô«aù\0I\0sizexp\0\0\0\0w\0\0\0\0x',180,17),(112,'Fraudador √© preso por emitir atestados com erro de portugu√™s\nMais um erro de portugu√™s leva um criminoso √†s m√£os da policia. Desde 2003, M.O.P., administrava a empresa MM, que falsificava boletins de ocorr√™ncia, carteiras profissionais e atestados de √≥bito, tudo para anular multas de tr√¢nsito. O esquema funcionou at√© setembro, quando M.O.P. foi indiciado. Atropelara a gram√°tica. Havia emitido, por exemplo, um atestado de abril do ano passado em que estava escrito aneurisma ‚Äúcelebral‚Äù e ‚Äúinsulfici√™ncia‚Äù m√∫ltipla de √≥rg√£os.\n\nTendo em vista o assunto, a organiza√ß√£o, bem como os recursos lingu√≠sticos, depreende-se que esse texto √© um(a):\n','DIFICIL',1,'¨Ì\0sr\0java.util.ArrayListxÅ“ô«aù\0I\0sizexp\0\0\0\0w\0\0\0\0x',180,17),(113,'Descubra e aproveite um momento todo seu. Quando voc√™ quebra o delicado chocolate, o irresist√≠vel recheio cremoso come√ßa a derreter na sua boca, acariciando todos os seus sentidos. Criado por nossa empresa. Paix√£o e amor por chocolate desde 1845.\nVeja, n. 2.320, 8 maio 2013 (adaptado).\n\nO texto publicit√°rio tem a inten√ß√£o de persuadir o p√∫blico-alvo a consumir determinado produto ou servi√ßo. No an√∫ncio, essa inten√ß√£o assume a forma de um convite, estrat√©gia argumentativa linguisticamente marcada pelo uso de:\n','DIFICIL',1,'¨Ì\0sr\0java.util.ArrayListxÅ“ô«aù\0I\0sizexp\0\0\0\0w\0\0\0\0x',180,17),(114,'‚ÄúAVISO: Voc√™ est√° sendo filmado. As imagens s√£o confidenciais e protegidas nos termos da lei‚Äù. \n\nA presen√ßa desse aviso em um hotel, al√©m de informar sobre um fato e evitar poss√≠veis atos indesejados no local, tem como objetivo impl√≠cito\n','DIFICIL',1,'¨Ì\0sr\0java.util.ArrayListxÅ“ô«aù\0I\0sizexp\0\0\0\0w\0\0\0\0x',180,17),(115,'Receitas de vida por um mundo mais doce\nP√© de moleque\nIngredientes\n2 filhos que n√£o param quietos\n3 sobrinhos da mesma esp√©cie\n1 cachorro que adora uma farra\n1 fim de semana ao ar livre\nPreparo\nJunte tudo com os ingredientes do A√ß√∫car Naturale, mexa bem e deixe descansar. N√£o as crian√ßas, que n√£o vai adiantar. Sirva imediatamente, porque p√© de moleque n√£o para. Quer essa e outras receitas completas? Entre no site cianaturale.com.br.\n\nO texto √© resultante do hibridismo de dois g√™neros textuais. A respeito desse hibridismo, observa-se que a:\n','DIFICIL',1,'¨Ì\0sr\0java.util.ArrayListxÅ“ô«aù\0I\0sizexp\0\0\0\0w\0\0\0\0x',180,17),(116,'BENONA: Eurico, Eudoro Vicente est√° l√° fora e quer falar com voc√™.\nEURIC√ÉO: Benona, minha irm√£, eu sei que ele est√° l√° fora, mas n√£o quero falar com ele.\nBENONA: Mas Eurico, n√≥s lhe devemos certas aten√ß√µes.\nEURIC√ÉO: Voc√™, que foi noiva dele. Eu, n√£o!\nBENONA: Isso s√£o coisas passadas.\nEURIC√ÉO: Passadas para voc√™, mas o preju√≠zo foi meu. Esperava que Eudoro, com todo aquele dinheiro, se tornasse meu cunhado. E o peste me traiu. Agora, parece que ouviu dizer que eu tenho um tesouro. Vive farejando ouro, como um cachorro da molest‚Äôa, como um urubu, atr√°s do sangue dos outros. \n\nNesse texto teatral, o emprego das express√µes ‚Äúo peste‚Äù e ‚Äúcachorro da molest‚Äôa‚Äù contribui para:\n','DIFICIL',1,'¨Ì\0sr\0java.util.ArrayListxÅ“ô«aù\0I\0sizexp\0\0\0\0w\0\0\0\0x',180,17),(117,'Texto I\nProfessora: Olha se voc√™ parte do princ√≠pio‚Ä¶ que a l√≠ngua portuguesa n√£o √© s√≥ regras gramaticais‚Ä¶ n√£o se voc√™ se apaixona pela l√≠ngua que voc√™‚Ä¶ j√° domina‚Ä¶ que voc√™ j√° fala ao chegar na escola, se teu professor cativa voc√™ a  ler obras da  literatura‚Ä¶ obra da/ dos  meios de comunica√ß√£o‚Ä¶ N√£o. \nTexto II\nProfessora: N√£o, se voc√™ parte do princ√≠pio que l√≠ngua portuguesa n√£o √© s√≥ regras gramaticais. Se o professor motiv√°-lo a ler obras liter√°rias e se tem acesso a revistas, a livros did√°ticos, voc√™ se apaixona pela l√≠ngua. \nO texto I √© a transcri√ß√£o de entrevista dada por uma professora a uma r√°dio. O texto II √© a adapta√ß√£o dessa entrevista para a modalidade escrita. Em comum, esses textos','DIFICIL',1,'¨Ì\0sr\0java.util.ArrayListxÅ“ô«aù\0I\0sizexp\0\0\0\0w\0\0\0\0x',180,17),(118,'Mandinga ‚Äî Era a denomina√ß√£o que, no per√≠odo das grandes navega√ß√µes, os portugueses davam √† costa ocidental da √Åfrica. A palavra se tornou sin√¥nimo de feiti√ßaria porque os exploradores lusitanos consideravam bruxos os africanos que ali habitavam ‚Äì √© que eles davam indica√ß√µes sobre a exist√™ncia de ouro na regi√£o. Em idioma nativo, mandinga designava terra de feiticeiros. A palavra acabou virando sin√¥nimo de feiti√ßo, sortil√©gio.\n \nNo texto, evidencia-se que a constru√ß√£o do significado da palavra mandinga resulta de um(a):\n','DIFICIL',1,'¨Ì\0sr\0java.util.ArrayListxÅ“ô«aù\0I\0sizexp\0\0\0\0w\0\0\0\0x',180,17),(119,'De domingo\n‚Äì Outrossim‚Ä¶\n‚Äì O qu√™?\n‚Äì O que o qu√™?\n‚Äì O que voc√™ disse.\n‚Äì Outrossim?\n‚Äì √â.\n‚Äì O que √© que tem?\n‚Äì Nada. S√≥ achei engra√ßado.\n‚Äì N√£o vejo a gra√ßa.\n‚Äì Voc√™ vai concordar que n√£o √© uma palavra de todos os dias.\n‚Äì Ah, n√£o √©. Ali√°s, eu s√≥ uso domingo.\n‚Äì Se bem que parece mais uma palavra de segunda-feira.\n‚Äì N√£o. Palavra de segunda-feira √© ‚Äú√≥bice‚Äù.\n‚Äì ‚Äú√înus‚Äù.\n‚Äì ‚Äú√înus‚Äù tamb√©m.\n‚Äì Mas ‚Äúoutrossim‚Äù, francamente‚Ä¶\n‚Äì Qual o problema?\n‚Äì Retira o ‚Äúoutrossim‚Äù.\n‚Äì N√£o retiro. √â uma √≥tima palavra. Ali√°s √© uma palavra dif√≠cil de usar. N√£o √© qualquer um que usa ‚Äúoutrossim‚Äù.\n\nNo texto, h√° uma discuss√£o sobre o uso de algumas palavras da l√≠ngua portuguesa. Esse uso promove o(a):\n','DIFICIL',1,'¨Ì\0sr\0java.util.ArrayListxÅ“ô«aù\0I\0sizexp\0\0\0\0w\0\0\0\0x',180,17),(120,'O nome do inseto pirilampo (vaga-lume) tem uma interessante certid√£o de nascimento. De repente, no fim do s√©culo XVII, os poetas de Lisboa repararam que n√£o podiam cantar o inseto luminoso, apesar de ele ser um manancial de met√°foras, pois possu√≠a um nome \"indecoroso\" que n√£o podia ser \"usado em pap√©is s√©rios\": caga-lume. Foi ent√£o que o dicionarista Raphael Bluteau inventou a nova palavra, pirilampo, a partir do grego pyr, significando \"fogo\", e lampas, \"candeia\".\n\nO texto descreve a mudan√ßa ocorrida na nomea√ß√£o do inseto, por quest√µes de tabu lingu√≠stico. Esse tabu diz respeito √†:\n','DIFICIL',1,'¨Ì\0sr\0java.util.ArrayListxÅ“ô«aù\0I\0sizexp\0\0\0\0w\0\0\0\0x',180,17),(121,'ESCORPI√ÉO - 23/10 a 21/11 - \"Quando uma leve sensa√ß√£o de vazio invade a nossa alma, precisamos tentar de onde vem isso para, assim, reformular o significado desta falta. √â tempo de compreender os nossos fantasmas para que eles deixem de nos assombrar.\" As express√µes \"nossa\", \"precisamos\", \"nossos\" indicam a 1¬™ pessoa do plural. Qual a inten√ß√£o do astr√≥logo ao utilizar esta flex√£o? ','DIFICIL',1,'¨Ì\0sr\0java.util.ArrayListxÅ“ô«aù\0I\0sizexp\0\0\0\0w\0\0\0\0x',180,17),(122,'Assinale a afirmativa ERRADA:','FACIL',1,'¨Ì\0sr\0java.util.ArrayListxÅ“ô«aù\0I\0sizexp\0\0\0\0w\0\0\0\0x',60,17),(123,'\"Ocorreu um pequeno inc√™ndio na noite de ontem, em um apartamento de propriedade do Sr.Marcos da Fonseca. No local habitavam o propriet√°rio, sua esposa e seus dois filhos. O fogo despontou em um dos quartos que, por sorte, ficava na frente do pr√©dio.\"\n\nConsiderando a leitura do trecho citado, em que tipo de texto ele se enquadra?  \n','FACIL',1,'¨Ì\0sr\0java.util.ArrayListxÅ“ô«aù\0I\0sizexp\0\0\0\0w\0\0\0\0x',60,17),(124,'Algumas vezes nos deparamos com um texto que nos provoca a sensa√ß√£o de estarmos diante de algo conhecido. Como se chama a rela√ß√£o que se estabelece entre diferentes textos quando um deles faz refer√™ncia, direta ou indiretamente, a outro?','FACIL',1,'¨Ì\0sr\0java.util.ArrayListxÅ“ô«aù\0I\0sizexp\0\0\0\0w\0\0\0\0x',60,17),(125,'Uma das caracter√≠sticas da linguagem, utilizada em textos cient√≠ficos, √© a impessoalidade. Esta confere maior credibilidade ao texto, sem a subjetividade de textos pessoais. Um exemplo dessa caracter√≠stica est√° expresso em:','FACIL',1,'¨Ì\0sr\0java.util.ArrayListxÅ“ô«aù\0I\0sizexp\0\0\0\0w\0\0\0\0x',60,17),(126,'A defini√ß√£o para Impessoaliza√ß√£o do texto: \n1. √â a omiss√£o dos agentes que aparecem no texto e tem o objetivo de deixar o texto mais leve. \n2. Em textos cient√≠ficos e argumentativos, como a cr√≠tica, o editorial, a disserta√ß√£o, procura-se sempre escrever sem impessoalidade. Ent√£o, podemos afirmar que: \n3. O texto com marcas de pessoalidade tende a ser considerado subjetivo.','FACIL',1,'¨Ì\0sr\0java.util.ArrayListxÅ“ô«aù\0I\0sizexp\0\0\0\0w\0\0\0\0x',60,17),(127,'A ABNT - Associa√ß√£o Brasileira de Normas T√©cnicas √© o f√≥rum nacional de normatiza√ß√£o. Ela fixa as condi√ß√µes pelas quais devem ser referenciados que tipo de documento(s)?   ','FACIL',1,'¨Ì\0sr\0java.util.ArrayListxÅ“ô«aù\0I\0sizexp\0\0\0\0w\0\0\0\0x',60,16),(128,'O uso das normas t√©cnicas da ABNT - Associa√ß√£o Brasileira de Normas T√©cnicas - faz com que :\nI - a consulta a fontes seja impessoal \nII - a circula√ß√£o de dados de diversas fontes seja facilitada; \nIII  - a publica√ß√£o de livros seja duplicada; \nIV - os direitos autorais sejam protegidos. \n\nDentre estes pode-se afirmar que est√£o corretos os itens:   ','FACIL',1,'¨Ì\0sr\0java.util.ArrayListxÅ“ô«aù\0I\0sizexp\0\0\0\0w\0\0\0\0x',60,16),(129,'A Associa√ß√£o Brasileira de Normas T√©cnicas - ABNT - atualiza constantemente as normas t√©cnicas a serem seguidas em diferentes √°reas. Um dos seus objetivos √© o seguinte:   ','FACIL',1,'¨Ì\0sr\0java.util.ArrayListxÅ“ô«aù\0I\0sizexp\0\0\0\0w\0\0\0\0x',60,16),(130,'O acervo do Museu da L√≠ngua Portuguesa √© o nosso idioma, um ‚Äúpatrim√¥nio imaterial‚Äù que n√£o pode ser, por isso, guardado e exposto em uma redoma de vidro. Assim, o museu, dedicado √† valoriza√ß√£o e difus√£o da l√≠ngua portuguesa, reconhecidamente importante para a preserva√ß√£o de nossa identidade cultural, apresenta uma forma expositiva diferenciada das demais institui√ß√µes museol√≥gicas do pa√≠s e do mundo, usando tecnologia de ponta e recursos interativos para a apresenta√ß√£o de seus conte√∫dos.\n\nDe acordo com o texto, embora a l√≠ngua portuguesa seja um ‚Äúpatrim√¥nio imaterial‚Äù, pode ser exposta em um museu. A relev√¢ncia desse tipo de iniciativa est√° pautada no pressuposto de que:\n','DIFICIL',1,'¨Ì\0sr\0java.util.ArrayListxÅ“ô«aù\0I\0sizexp\0\0\0\0w\0\0\0\0x',180,17),(131,'Nuances\nEuforia: alegria barulhenta. Felicidade: alegria silenciosa.\nGravar: quando o ator √© de televis√£o. Filmar: quando ele quer deixar claro que n√£o √© de televis√£o.\nGr√°vida: em qualquer ocasi√£o. Gestante: em filas e assentos preferenciais.\nGuardar: na gaveta. Salvar: no Computador. Salvaguardar: no Ex√©rcito.\nMenta: no sorvete, na bala ou no xarope.\nHortel√£: na horta ou no suco de abacaxi.\nPe√ßa: quando voc√™ vai assistir. Espet√°culo: quando voc√™ est√° em cartaz com ele.\n\nDUVIVIER, G. Folha de S. Paulo, 24 mar. 2014 (adaptado)\n\nO texto trata da diferen√ßa de sentido entre voc√°bulos muito pr√≥ximos. Essa diferen√ßa √© apresentada considerando-se a(s):\n','DIFICIL',1,'¨Ì\0sr\0java.util.ArrayListxÅ“ô«aù\0I\0sizexp\0\0\0\0w\0\0\0\0x',180,17),(132,'Lisboa: aventuras\ntomei um expresso\n			cheguei de foguete\nsubi num bonde\n			desci de um el√©trico\npedi um cafezinho\n			serviram-me uma bica\nquis comprar meias\n			s√≥ vendiam pe√∫gas\nfui dar a descarga\n			disparei um autoclisma\ngritei \"√≥ cara!\"\n			respondeu-me \"√≥ p√°!\"\n			positivamente\nas aves que aqui gorjeiam n√£o gorjeiam\n						[como l√°.\nPAES, J. P. A poesia est√° morta, mas juro que n√£o fui eu. S√£o Paulo: Duas cidades, 1988.\nNo texto, a diversidade lingu√≠stica √© apresentada pela √≥tica de um observador que entra em contato com uma comunidade lingu√≠stica diferente da sua. Esse observador √© um:\n','DIFICIL',1,'¨Ì\0sr\0java.util.ArrayListxÅ“ô«aù\0I\0sizexp\0\0\0\0w\0\0\0\0x',180,17),(133,'Pela primeira vez na vida teve pena de haver tantos assuntos no mundo que n√£o compreendia e esmoreceu. Mas uma mosca fez um √¢ngulo reto no ar, depois outro, al√©m disso, os seis anos s√£o uma idade de muitas coisas pela primeira vez, mais do que uma por dia e, por isso, logo depois, arribou. Os assuntos que n√£o compreendia eram uma esp√©cie de tontura, mas o Il√≠dio era forte. Se calhar estava a falar de tratar da cabra: nunca esque√ßas de tratar da cabra. O Il√≠dio n√£o gostava que a m√£e o mandasse tratar da cabra.\n\nNo texto, observa-se o uso caracter√≠stico do portugu√™s de Portugal, marcadamente diferente do uso do portugu√™s do Brasil. O trecho que confirma essa afirma√ß√£o √©:\n','DIFICIL',1,'¨Ì\0sr\0java.util.ArrayListxÅ“ô«aù\0I\0sizexp\0\0\0\0w\0\0\0\0x',180,17),(134,'A estudante perguntou como era essa coisa de escrever. Eu fiz o g√™nero fofo. Moleza, disse. Primeiro, evite estes coloquialismos de ‚Äúfofo‚Äù e ‚Äúmoleza‚Äù, passe longe das g√≠rias ainda n√£o dicionarizadas e de tudo que soe mais falado do que escrito. Isto aqui n√£o √© r√°dio. De vez em quando, para n√£o acharem que voc√™ mora trancado com um gram√°tico de chicote, aplique uma g√≠ria como se fosse um piparote de leve no cangote do texto, mas, em geral, evite. \n\nA l√≠ngua varia em fun√ß√£o de diferentes fatores. Um deles √© a situa√ß√£o de comunica√ß√£o. Na cr√¥nica, ao ser interrogado sobre a arte de escrever, o autor utiliza, em meio √† linguagem escrita padr√£o, condizente com o contexto:\n','DIFICIL',1,'¨Ì\0sr\0java.util.ArrayListxÅ“ô«aù\0I\0sizexp\0\0\0\0w\0\0\0\0x',180,17),(135,'Leia o seguinte di√°logo:\n\n- Filho, o telefone est√° tocando. \n- M√£e, t√¥ no banho. \n\nQuais elementos coesivos expl√≠citos na superf√≠cie textual s√£o respons√°veis pela liga√ß√£o entre as frases? \n','DIFICIL',1,'¨Ì\0sr\0java.util.ArrayListxÅ“ô«aù\0I\0sizexp\0\0\0\0w\0\0\0\0x',180,17),(136,'pergunta teste 1','DIFICIL',1,'¨Ì\0sr\0java.util.ArrayListxÅ“ô«aù\0I\0sizexp\0\0\0w\0\0\0t\0tagx',90,24);
/*!40000 ALTER TABLE `pergunta` ENABLE KEYS */;
UNLOCK TABLES;

--
-- Table structure for table `pergunta_alternativa`
--

DROP TABLE IF EXISTS `pergunta_alternativa`;
/*!40101 SET @saved_cs_client     = @@character_set_client */;
/*!40101 SET character_set_client = utf8 */;
CREATE TABLE `pergunta_alternativa` (
  `Pergunta_ID` bigint(20) NOT NULL,
  `alternativas_ID` bigint(20) NOT NULL,
  PRIMARY KEY (`Pergunta_ID`,`alternativas_ID`),
  KEY `FK_PERGUNTA_ALTERNATIVA_alternativas_ID` (`alternativas_ID`),
  CONSTRAINT `FK_PERGUNTA_ALTERNATIVA_Pergunta_ID` FOREIGN KEY (`Pergunta_ID`) REFERENCES `pergunta` (`ID`),
  CONSTRAINT `FK_PERGUNTA_ALTERNATIVA_alternativas_ID` FOREIGN KEY (`alternativas_ID`) REFERENCES `alternativa` (`ID`)
) ENGINE=InnoDB DEFAULT CHARSET=latin1;
/*!40101 SET character_set_client = @saved_cs_client */;

--
-- Dumping data for table `pergunta_alternativa`
--

LOCK TABLES `pergunta_alternativa` WRITE;
/*!40000 ALTER TABLE `pergunta_alternativa` DISABLE KEYS */;
INSERT INTO `pergunta_alternativa` VALUES (1,1),(1,2),(1,3),(1,4),(2,5),(2,6),(2,7),(2,8),(3,9),(3,10),(3,11),(3,12),(4,13),(4,14),(4,15),(4,16),(5,17),(5,18),(5,19),(5,20),(6,21),(6,22),(6,23),(6,24),(7,25),(7,26),(7,27),(7,28),(8,29),(8,30),(8,31),(8,32),(9,33),(9,34),(9,35),(9,36),(10,37),(10,38),(10,39),(10,40),(11,41),(11,42),(11,43),(11,44),(12,45),(12,46),(12,47),(12,48),(13,49),(13,50),(13,51),(13,52),(14,53),(14,54),(14,55),(14,56),(15,57),(15,58),(15,59),(15,60),(16,61),(16,62),(16,63),(16,64),(17,65),(17,66),(17,67),(17,68),(18,69),(18,70),(18,71),(18,72),(19,73),(19,74),(19,75),(19,76),(20,77),(20,78),(20,79),(20,80),(21,81),(21,82),(21,83),(21,84),(22,85),(22,86),(22,87),(22,88),(23,89),(23,90),(23,91),(23,92),(24,93),(24,94),(24,95),(24,96),(25,97),(25,98),(25,99),(25,100),(26,101),(26,102),(26,103),(26,104),(27,105),(27,106),(27,107),(27,108),(28,109),(28,110),(28,111),(28,112),(29,113),(29,114),(29,115),(29,116),(30,117),(30,118),(30,119),(30,120),(31,121),(31,122),(31,123),(31,124),(32,125),(32,126),(32,127),(32,128),(33,129),(33,130),(33,131),(33,132),(34,133),(34,134),(34,135),(34,136),(35,137),(35,138),(35,139),(35,140),(36,141),(36,142),(36,143),(36,144),(37,145),(37,146),(37,147),(37,148),(38,149),(38,150),(38,151),(38,152),(39,153),(39,154),(39,155),(39,156),(40,157),(40,158),(40,159),(40,160),(41,161),(41,162),(41,163),(41,164),(42,165),(42,166),(42,167),(42,168),(43,169),(43,170),(43,171),(43,172),(44,173),(44,174),(44,175),(44,176),(45,177),(45,178),(45,179),(45,180),(46,181),(46,182),(46,183),(46,184),(47,185),(47,186),(47,187),(47,188),(48,189),(48,190),(48,191),(48,192),(49,193),(49,194),(49,195),(49,196),(50,197),(50,198),(50,199),(50,200),(51,201),(51,202),(51,203),(51,204),(52,205),(52,206),(52,207),(52,208),(53,209),(53,210),(53,211),(53,212),(54,213),(54,214),(54,215),(54,216),(55,217),(55,218),(55,219),(55,220),(56,221),(56,222),(56,223),(56,224),(57,225),(57,226),(57,227),(57,228),(58,229),(58,230),(58,231),(58,232),(59,233),(59,234),(59,235),(59,236),(60,237),(60,238),(60,239),(60,240),(61,241),(61,242),(61,243),(61,244),(62,245),(62,246),(62,247),(62,248),(63,249),(63,250),(63,251),(63,252),(64,253),(64,254),(64,255),(64,256),(65,257),(65,258),(65,259),(65,260),(66,261),(66,262),(66,263),(66,264),(67,265),(67,266),(67,267),(67,268),(68,269),(68,270),(68,271),(68,272),(69,273),(69,274),(69,275),(69,276),(70,277),(70,278),(70,279),(70,280),(71,281),(71,282),(71,283),(71,284),(72,285),(72,286),(72,287),(72,288),(73,289),(73,290),(73,291),(73,292),(74,293),(74,294),(74,295),(74,296),(75,297),(75,298),(75,299),(75,300),(76,301),(76,302),(76,303),(76,304),(77,305),(77,306),(77,307),(77,308),(78,309),(78,310),(78,311),(78,312),(79,313),(79,314),(79,315),(79,316),(80,317),(80,318),(80,319),(80,320),(81,321),(81,322),(81,323),(81,324),(82,325),(82,326),(82,327),(82,328),(83,329),(83,330),(83,331),(83,332),(84,333),(84,334),(84,335),(84,336),(85,337),(85,338),(85,339),(85,340),(86,341),(86,342),(86,343),(86,344),(87,345),(87,346),(87,347),(87,348),(88,349),(88,350),(88,351),(88,352),(89,353),(89,354),(89,355),(89,356),(90,357),(90,358),(90,359),(90,360),(91,361),(91,362),(91,363),(91,364),(92,365),(92,366),(92,367),(92,368),(93,369),(93,370),(93,371),(93,372),(94,373),(94,374),(94,375),(94,376),(95,377),(95,378),(95,379),(95,380),(96,381),(96,382),(96,383),(96,384),(97,385),(97,386),(97,387),(97,388),(98,389),(98,390),(98,391),(98,392),(99,393),(99,394),(99,395),(99,396),(100,397),(100,398),(100,399),(100,400),(101,401),(101,402),(101,403),(101,404),(102,405),(102,406),(102,407),(102,408),(103,409),(103,410),(103,411),(103,412),(104,413),(104,414),(104,415),(104,416),(105,417),(105,418),(105,419),(105,420),(106,421),(106,422),(106,423),(106,424),(107,425),(107,426),(107,427),(107,428),(108,429),(108,430),(108,431),(108,432),(109,433),(109,434),(109,435),(109,436),(110,437),(110,438),(110,439),(110,440),(111,441),(111,442),(111,443),(111,444),(112,445),(112,446),(112,447),(112,448),(113,449),(113,450),(113,451),(113,452),(114,453),(114,454),(114,455),(114,456),(115,457),(115,458),(115,459),(115,460),(116,461),(116,462),(116,463),(116,464),(117,465),(117,466),(117,467),(117,468),(118,469),(118,470),(118,471),(118,472),(119,473),(119,474),(119,475),(119,476),(120,477),(120,478),(120,479),(120,480),(121,481),(121,482),(121,483),(121,484),(122,485),(122,486),(122,487),(122,488),(123,489),(123,490),(123,491),(123,492),(124,493),(124,494),(124,495),(124,496),(125,497),(125,498),(125,499),(125,500),(126,501),(126,502),(126,503),(126,504),(127,505),(127,506),(127,507),(127,508),(128,509),(128,510),(128,511),(128,512),(129,513),(129,514),(129,515),(129,516),(130,517),(130,518),(130,519),(130,520),(131,521),(131,522),(131,523),(131,524),(132,525),(132,526),(132,527),(132,528),(133,529),(133,530),(133,531),(133,532),(134,533),(134,534),(134,535),(134,536),(135,537),(135,538),(135,539),(135,540),(136,541),(136,542),(136,543),(136,544);
/*!40000 ALTER TABLE `pergunta_alternativa` ENABLE KEYS */;
UNLOCK TABLES;

--
-- Table structure for table `sala`
--

DROP TABLE IF EXISTS `sala`;
/*!40101 SET @saved_cs_client     = @@character_set_client */;
/*!40101 SET character_set_client = utf8 */;
CREATE TABLE `sala` (
  `ID` bigint(20) NOT NULL AUTO_INCREMENT,
  `DESCRICAO` varchar(255) DEFAULT NULL,
  `HABILITAR` tinyint(1) DEFAULT '0',
  PRIMARY KEY (`ID`)
) ENGINE=InnoDB AUTO_INCREMENT=10 DEFAULT CHARSET=latin1;
/*!40101 SET character_set_client = @saved_cs_client */;

--
-- Dumping data for table `sala`
--

LOCK TABLES `sala` WRITE;
/*!40000 ALTER TABLE `sala` DISABLE KEYS */;
INSERT INTO `sala` VALUES (1,'sala de guerra',1),(2,'Sistemas VI',1),(3,'Avalia√ß√£o Jo√£o Felipe',1),(4,'Testando Mensagem sala',1),(5,'Mais um teste',1),(6,'mais um Teste',1),(7,'sala5213',1),(8,'s1',1),(9,'Teste',1);
/*!40000 ALTER TABLE `sala` ENABLE KEYS */;
UNLOCK TABLES;

--
-- Table structure for table `sala_pergunta`
--

DROP TABLE IF EXISTS `sala_pergunta`;
/*!40101 SET @saved_cs_client     = @@character_set_client */;
/*!40101 SET character_set_client = utf8 */;
CREATE TABLE `sala_pergunta` (
  `Sala_ID` bigint(20) NOT NULL,
  `perguntas_ID` bigint(20) NOT NULL,
  PRIMARY KEY (`Sala_ID`,`perguntas_ID`),
  KEY `FK_SALA_PERGUNTA_perguntas_ID` (`perguntas_ID`),
  CONSTRAINT `FK_SALA_PERGUNTA_Sala_ID` FOREIGN KEY (`Sala_ID`) REFERENCES `sala` (`ID`),
  CONSTRAINT `FK_SALA_PERGUNTA_perguntas_ID` FOREIGN KEY (`perguntas_ID`) REFERENCES `pergunta` (`ID`)
) ENGINE=InnoDB DEFAULT CHARSET=latin1;
/*!40101 SET character_set_client = @saved_cs_client */;

--
-- Dumping data for table `sala_pergunta`
--

LOCK TABLES `sala_pergunta` WRITE;
/*!40000 ALTER TABLE `sala_pergunta` DISABLE KEYS */;
INSERT INTO `sala_pergunta` VALUES (1,1),(1,2),(1,3),(1,4),(1,5),(2,6),(2,7),(2,8),(2,9),(2,10),(2,11),(2,12),(2,13),(2,14),(2,15),(2,16),(2,17),(2,18),(2,19),(2,20),(2,21),(2,22),(2,23),(2,24),(2,25),(2,26),(2,27),(2,28),(2,29),(2,30),(2,31),(2,32),(2,33),(2,34),(2,35),(2,36),(2,37),(2,38),(2,39),(2,40),(2,41),(2,42),(2,43),(2,44),(2,45),(2,46),(2,47),(2,48),(2,49),(2,50),(2,51),(2,52),(2,53),(2,54),(2,55),(3,56),(3,57),(3,58),(3,59),(3,60),(3,61),(3,62),(3,63),(3,64),(3,65),(3,66),(3,67),(3,68),(3,69),(3,70),(3,71),(3,72),(3,73),(3,74),(3,75),(3,76),(3,77),(3,78),(3,79),(3,80),(3,81),(3,82),(3,83),(3,84),(3,85),(3,86),(3,87),(3,88),(3,89),(3,90),(3,91),(3,92),(3,93),(3,94),(3,95),(3,96),(3,97),(3,98),(3,99),(3,100),(3,101),(3,102),(3,103),(3,104),(3,105),(3,106),(3,107),(3,108),(3,109),(3,110),(3,111),(3,112),(3,113),(3,114),(3,115),(3,116),(3,117),(3,118),(3,119),(3,120),(3,121),(3,122),(3,123),(3,124),(3,125),(3,126),(3,127),(3,128),(3,129),(3,130),(3,131),(3,132),(3,133),(3,134),(3,135),(4,1),(4,2),(4,3),(4,4),(4,5),(4,6),(4,7),(4,8),(4,9),(4,10),(4,11),(4,12),(4,13),(4,14),(4,15),(4,16),(4,17),(4,18),(4,19),(4,20),(4,21),(4,22),(4,23),(4,24),(4,25),(4,26),(4,27),(4,28),(4,29),(4,30),(4,31),(4,32),(4,33),(4,34),(4,35),(4,36),(4,37),(4,38),(4,39),(4,40),(4,41),(4,42),(4,43),(4,44),(4,45),(4,46),(4,47),(4,48),(4,49),(4,50),(4,51),(4,52),(4,53),(4,54),(4,55),(4,56),(4,57),(4,58),(4,59),(4,60),(4,61),(4,62),(4,63),(4,64),(4,65),(4,66),(4,67),(4,68),(4,69),(4,70),(4,71),(4,72),(4,73),(4,74),(4,75),(4,76),(4,77),(4,78),(4,79),(4,80),(4,81),(4,82),(4,83),(4,84),(4,85),(4,86),(4,87),(4,88),(4,89),(4,90),(4,91),(4,92),(4,93),(4,94),(4,95),(4,96),(4,97),(4,98),(4,99),(4,100),(4,101),(4,102),(4,103),(4,104),(4,105),(4,106),(4,107),(4,108),(4,109),(4,110),(4,111),(4,112),(4,113),(4,114),(4,115),(4,116),(4,117),(4,118),(4,119),(4,120),(4,121),(4,122),(4,123),(4,124),(4,125),(4,126),(4,127),(4,128),(4,129),(4,130),(4,131),(4,132),(4,133),(4,134),(4,135),(5,1),(5,2),(5,3),(5,4),(5,6),(5,7),(5,8),(6,1),(6,2),(6,3),(6,4),(6,5),(6,6),(6,7),(6,8),(6,9),(6,10),(6,11),(6,12),(6,13),(6,14),(6,15),(6,16),(6,17),(6,18),(6,19),(6,20),(6,21),(6,22),(6,23),(6,24),(6,25),(6,26),(6,27),(6,28),(6,29),(6,30),(6,31),(6,32),(6,33),(6,34),(6,35),(6,36),(6,37),(6,38),(6,39),(6,40),(6,41),(6,42),(6,43),(6,44),(6,45),(6,46),(6,47),(6,48),(6,49),(6,50),(6,51),(6,52),(6,53),(6,54),(6,55),(6,56),(6,57),(6,58),(6,59),(6,60),(6,61),(6,62),(6,63),(6,64),(6,65),(6,66),(6,67),(6,68),(6,69),(6,70),(6,71),(6,72),(6,73),(6,74),(6,75),(6,76),(6,77),(6,78),(6,79),(6,80),(6,81),(6,82),(6,83),(6,84),(6,85),(6,86),(6,87),(6,88),(6,89),(6,90),(6,91),(6,92),(6,93),(6,94),(6,95),(6,96),(6,97),(6,98),(6,99),(6,100),(6,101),(6,102),(6,103),(6,104),(6,105),(6,106),(6,107),(6,108),(6,109),(6,110),(6,111),(6,112),(6,113),(6,114),(6,115),(6,116),(6,117),(6,118),(6,119),(6,120),(6,121),(6,122),(6,123),(6,124),(6,125),(6,126),(6,127),(6,128),(6,129),(6,130),(6,131),(6,132),(6,133),(6,134),(6,135),(7,1),(7,2),(7,3),(7,4),(7,5),(7,6),(7,7),(7,8),(7,9),(8,1),(8,2),(8,3),(8,4),(8,5),(8,6),(8,7),(8,8),(8,9),(8,10),(8,11),(8,12),(8,13),(8,14),(8,15),(8,16),(8,17),(8,18),(8,19),(8,20),(8,21),(8,22),(8,23),(8,24),(8,25),(8,26),(8,27),(8,28),(8,29),(8,30),(8,31),(8,32),(8,33),(8,34),(8,35),(8,36),(8,37),(8,38),(8,39),(8,40),(8,41),(8,42),(8,43),(8,44),(8,45),(8,46),(8,47),(8,48),(8,49),(8,50),(8,51),(8,52),(8,53),(8,54),(8,55),(8,56),(8,57),(8,58),(8,59),(8,60),(8,61),(8,62),(8,63),(8,64),(8,65),(8,66),(8,67),(8,68),(8,69),(8,70),(8,71),(8,72),(8,73),(8,74),(8,75),(8,76),(8,77),(8,78),(8,79),(8,80),(8,81),(8,82),(8,83),(8,84),(8,85),(8,86),(8,87),(8,88),(8,89),(8,90),(8,91),(8,92),(8,93),(8,94),(8,95),(8,96),(8,97),(8,98),(8,99),(8,100),(8,101),(8,102),(8,103),(8,104),(8,105),(8,106),(8,107),(8,108),(8,109),(8,110),(8,111),(8,112),(8,113),(8,114),(8,115),(8,116),(8,117),(8,118),(8,119),(8,120),(8,121),(8,122),(8,123),(8,124),(8,125),(8,126),(8,127),(8,128),(8,129),(8,130),(8,131),(8,132),(8,133),(8,134),(8,135),(9,1),(9,2),(9,3),(9,4),(9,5),(9,8),(9,9),(9,14),(9,15),(9,18),(9,19);
/*!40000 ALTER TABLE `sala_pergunta` ENABLE KEYS */;
UNLOCK TABLES;
/*!40103 SET TIME_ZONE=@OLD_TIME_ZONE */;

/*!40101 SET SQL_MODE=@OLD_SQL_MODE */;
/*!40014 SET FOREIGN_KEY_CHECKS=@OLD_FOREIGN_KEY_CHECKS */;
/*!40014 SET UNIQUE_CHECKS=@OLD_UNIQUE_CHECKS */;
/*!40101 SET CHARACTER_SET_CLIENT=@OLD_CHARACTER_SET_CLIENT */;
/*!40101 SET CHARACTER_SET_RESULTS=@OLD_CHARACTER_SET_RESULTS */;
/*!40101 SET COLLATION_CONNECTION=@OLD_COLLATION_CONNECTION */;
/*!40111 SET SQL_NOTES=@OLD_SQL_NOTES */;

-- Dump completed on 2018-12-12 23:14:28
